1:1436704,DG_1_001
1:7614106,DG_1_002
1:1912983,DG_1_003
1:4522933,DG_1_004
1:4155478,DG_1_005
1:1263031,DG_1_006
9:5325084,DG_1_007
1:10881677,DG_1_008
1:5701066,DG_1_009
13:15566375,DG_1_010
7:2928057,DG_1_011
1:6023610,DG_1_012
9:41237858,DG_1_013
11:25877213,DG_1_014
5:46529151,DG_1_015
1:16867369,DG_1_016
1:8915486,DG_1_017
13:15612989,DG_1_018
13:15584049,DG_1_019
1:85751817,DG_1_020
1:8892965,DG_1_021
9:13048855,DG_1_022
9:41247445,DG_1_023
1:8852133,DG_1_024
7:3076029,DG_1_025
1:16076676,DG_1_026
16:35562772,DG_1_027
1:14136028,DG_1_028
1:13204021,DG_1_029
1:19820397,DG_1_030
1:11812594,DG_1_031
4:385949,DG_1_032
4:495671,DG_1_033
4:493215,DG_1_034
9:17705755,DG_1_035
9:6239143,DG_1_036
11:18273566,DG_1_037
1:22518681,DG_1_038
1:23739842,DG_1_039
1:23392612,DG_1_040
13:2534775,DG_1_041
1:23749769,DG_1_042
1:26325847,DG_1_043
1:31429714,DG_1_044
1:25446207,DG_1_045
7:45584108,DG_1_046
1:31590441,DG_1_047
1:28620057,DG_1_048
1:40883977,DG_1_049
1:45924408,DG_1_050
1:45895930,DG_1_051
1:46548927,DG_1_052
9:38204178,DG_1_053
1:48712963,DG_1_054
1:79384321,DG_1_055
1:49138047,DG_1_056
1:49135134,DG_1_057
1:49143933,DG_1_058
1:79377486,DG_1_059
1:50909931,DG_1_060
5:40803746,DG_1_061
1:51132660,DG_1_062
1:1950214,DG_1_063
1:52741050,DG_1_064
1:507151,DG_1_065
1:52747158,DG_1_066
12:34134989,DG_1_067
15:33544421,DG_1_068
1:52946355,DG_1_069
3:72641514,DG_1_070
0:34639852,DG_1_071
12:4534457,DG_1_072
12:4532386,DG_1_073
5:5548115,DG_1_074
6:4032237,DG_1_075
1:59282389,DG_1_076
1:59285933,DG_1_077
9:59056052,DG_1_078
9:59039254,DG_1_079
10:5618467,DG_1_080
1:61526382,DG_1_081
9:42276096,DG_1_082
10:19260746,DG_1_083
9:42303647,DG_1_084
1:63908457,DG_1_085
9:43025346,DG_1_086
1:63958971,DG_1_087
1:63917644,DG_1_088
8:38879882,DG_1_089
11:31017067,DG_1_090
1:67377169,DG_1_091
11:63713713,DG_1_092
1:67383065,DG_1_093
2:47584832,DG_1_094
1:69884753,DG_1_095
3:22199021,DG_1_096
8:44081051,DG_1_097
5:34734844,DG_1_098
1:69821008,DG_1_099
16:39482368,DG_1_100
2:45835604,DG_1_101
2:45938229,DG_1_102
16:32977471,DG_1_103
1:70506336,DG_1_104
16:32992414,DG_1_105
8:29253506,DG_1_106
11:50754971,DG_1_107
1:71342046,DG_1_108
12:45865789,DG_1_109
9:51522920,DG_1_110
9:59454534,DG_1_111
9:27542009,DG_1_112
1:71351069,DG_1_113
12:45932741,DG_1_114
2:26281086,DG_1_115
1:74680103,DG_1_116
1:12716854,DG_1_117
1:74535467,DG_1_118
1:75055135,DG_1_119
6:37805463,DG_1_120
1:4228299,DG_1_121
1:73957562,DG_1_122
1:75264338,DG_1_123
1:75727209,DG_1_124
1:78488077,DG_1_125
1:76318849,DG_1_126
1:79154628,DG_1_127
2:8088841,DG_1_128
1:79150401,DG_1_129
1:64792316,DG_1_130
11:34601246,DG_1_131
1:64789669,DG_1_132
15:23686998,DG_1_133
5:32672727,DG_1_134
1:83247942,DG_1_135
1:88435340,DG_1_136
1:87833991,DG_1_137
1:4684442,DG_1_138
1:85258142,DG_1_139
1:87829267,DG_1_140
1:85105483,DG_1_141
1:85298661,DG_1_142
1:84010342,DG_1_143
1:83984552,DG_1_144
1:90929707,DG_1_145
1:90936761,DG_1_146
1:90462177,DG_1_147
9:53060101,DG_1_148
1:81847508,DG_1_149
1:90747844,DG_1_150
2:51040570,DG_1_151
1:91647801,DG_1_152
1:91589300,DG_1_153
2:50950465,DG_1_154
1:80931309,DG_1_155
1:80935838,DG_1_156
1:92681650,DG_1_157
3:60645639,DG_1_158
1:91300662,DG_1_159
2:50962029,DG_1_160
3:60665429,DG_1_161
1:92628177,DG_1_162
5:1929280,DG_1_163
3:60661981,DG_1_164
2:50973146,DG_1_165
1:94199906,DG_1_166
9:59287501,DG_1_167
1:76915811,DG_1_168
5:2641656,DG_1_169
1:76971085,DG_1_170
1:50310321,DG_1_171
9:62481746,DG_1_172
9:59284271,DG_1_173
1:91332072,DG_1_174
9:58652168,DG_1_175
1:92677277,DG_1_176
1:95543161,DG_1_177
2:943429,DG_2_001
2:640435,DG_2_002
2:824977,DG_2_003
2:968110,DG_2_004
2:1021567,DG_2_005
1:69233862,DG_2_006
2:1050605,DG_2_007
7:37213834,DG_2_008
4:72982910,DG_2_009
2:653363,DG_2_010
2:615161,DG_2_011
2:1512066,DG_2_012
2:335874,DG_2_013
2:666994,DG_2_014
2:1045389,DG_2_015
2:1461619,DG_2_016
2:2654335,DG_2_017
2:3361492,DG_2_018
2:3218390,DG_2_019
2:397646,DG_2_020
2:1595564,DG_2_021
2:418773,DG_2_022
2:3389033,DG_2_023
10:26602628,DG_2_024
2:3430273,DG_2_025
5:45969077,DG_2_026
2:2421920,DG_2_027
2:4446531,DG_2_028
2:3221520,DG_2_029
2:4377299,DG_2_030
5:45997173,DG_2_031
2:4440547,DG_2_032
2:6785840,DG_2_033
2:6618844,DG_2_034
2:6834745,DG_2_035
13:4279662,DG_2_036
2:7445408,DG_2_037
2:9217248,DG_2_038
10:3221556,DG_2_039
2:9177603,DG_2_040
10:3786623,DG_2_041
2:9220332,DG_2_042
2:7384278,DG_2_043
10:3542610,DG_2_044
9:37557975,DG_2_045
2:9834455,DG_2_046
2:9821428,DG_2_047
11:53955036,DG_2_048
1:34656738,DG_2_049
4:31821271,DG_2_050
1:34670247,DG_2_051
5:33939697,DG_2_052
5:33668233,DG_2_053
15:18309300,DG_2_054
2:13466641,DG_2_055
2:28474508,DG_2_056
2:14678477,DG_2_057
10:8475805,DG_2_058
10:8515025,DG_2_059
1:39109401,DG_2_060
1:52646671,DG_2_061
3:10235748,DG_2_062
3:10219516,DG_2_063
10:14118897,DG_2_064
10:12269797,DG_2_065
10:12265037,DG_2_066
10:12261824,DG_2_067
2:15740357,DG_2_068
2:18598341,DG_2_069
10:15383738,DG_2_070
10:12828267,DG_2_071
8:18828229,DG_2_072
6:12357605,DG_2_073
2:15244904,DG_2_074
2:15445018,DG_2_075
2:15424207,DG_2_076
2:15448447,DG_2_077
2:22741498,DG_2_078
2:21353752,DG_2_079
2:21384751,DG_2_080
2:21382317,DG_2_081
4:83529268,DG_2_082
10:37422345,DG_2_083
2:26967477,DG_2_084
2:25776605,DG_2_085
4:84543753,DG_2_086
4:84158666,DG_2_087
1:32514287,DG_2_088
10:20243237,DG_2_089
2:28086718,DG_2_090
2:30108951,DG_2_091
6:24032798,DG_2_092
2:32263898,DG_2_093
7:43713758,DG_2_094
2:38101601,DG_2_095
2:39335984,DG_2_096
1:15715866,DG_2_097
2:34116491,DG_2_098
1:18363379,DG_2_099
7:8093862,DG_2_100
1:18373074,DG_2_101
2:34251230,DG_2_102
10:12612544,DG_2_103
11:42378122,DG_2_104
11:34948980,DG_2_105
2:44021130,DG_2_106
2:47922488,DG_2_107
2:47913887,DG_2_108
16:33314075,DG_2_109
10:31111966,DG_2_110
1:59405136,DG_2_111
10:22969760,DG_2_112
16:33171134,DG_2_113
16:28367070,DG_2_114
16:28359503,DG_2_115
1:59399636,DG_2_116
3:75976037,DG_2_117
10:31116912,DG_2_118
8:23537888,DG_2_119
1:79220756,DG_2_120
1:79216754,DG_2_121
16:28362414,DG_2_122
10:30945122,DG_2_123
10:32513029,DG_2_124
4:64169538,DG_2_125
6:19610156,DG_2_126
1:45939251,DG_2_127
8:39927169,DG_2_128
2:34069404,DG_2_129
10:33541522,DG_2_130
13:20487913,DG_2_131
4:64165584,DG_2_132
2:48591142,DG_2_133
8:39965852,DG_2_134
2:50659160,DG_2_135
2:50688687,DG_2_136
2:31374224,DG_2_137
4:16569653,DG_2_138
4:16665613,DG_2_139
4:16501168,DG_2_140
2:41070392,DG_2_141
9:46757051,DG_2_142
2:41075816,DG_2_143
2:41087190,DG_2_144
2:39532686,DG_2_145
11:22402993,DG_2_146
2:51716896,DG_2_147
11:22412418,DG_2_148
2:51406045,DG_2_149
2:51402852,DG_2_150
2:51726819,DG_2_151
2:39967879,DG_2_152
2:50097227,DG_2_153
6:39733052,DG_2_154
2:17139447,DG_2_155
2:40204606,DG_2_156
2:17156209,DG_2_157
2:53721287,DG_2_158
2:53670694,DG_2_159
2:53673012,DG_2_160
2:52255537,DG_2_161
10:39813421,DG_2_162
5:5361452,DG_2_163
4:62444302,DG_3_001
3:66129493,DG_3_002
3:4885078,DG_3_003
3:2383445,DG_3_004
3:66446524,DG_3_005
3:66422798,DG_3_006
3:381955,DG_3_007
3:3039467,DG_3_008
3:3025695,DG_3_009
4:62433070,DG_3_010
3:1782576,DG_3_011
3:4932478,DG_3_012
3:4144345,DG_3_013
3:2304884,DG_3_014
3:2407518,DG_3_015
2:22822260,DG_3_016
2:22819003,DG_3_017
11:362843,DG_3_018
11:4574149,DG_3_019
6:32291719,DG_3_020
3:4017492,DG_3_021
3:3116146,DG_3_022
3:373226,DG_3_023
3:2321324,DG_3_024
3:3050372,DG_3_025
3:4858503,DG_3_026
3:2356947,DG_3_027
11:3004705,DG_3_028
1:65057911,DG_3_029
3:378244,DG_3_030
3:4818679,DG_3_031
3:4138938,DG_3_032
7:20107054,DG_3_033
3:6529933,DG_3_034
3:6914018,DG_3_035
11:4157405,DG_3_036
11:4160641,DG_3_037
3:7171892,DG_3_038
11:14995576,DG_3_039
3:9305218,DG_3_040
3:7145104,DG_3_041
11:5202588,DG_3_042
3:9986539,DG_3_043
4:8512571,DG_3_044
3:11027167,DG_3_045
4:8509788,DG_3_046
3:10328849,DG_3_047
9:11862600,DG_3_048
6:3850109,DG_3_049
3:11779208,DG_3_050
9:12785116,DG_3_051
3:12765901,DG_3_052
3:12796290,DG_3_053
3:11635309,DG_3_054
3:12902434,DG_3_055
11:22351227,DG_3_056
16:29082818,DG_3_057
11:42202822,DG_3_058
3:15492288,DG_3_059
11:16006307,DG_3_060
3:15528864,DG_3_061
3:18475510,DG_3_062
3:19971208,DG_3_063
3:18505285,DG_3_064
3:22133857,DG_3_065
5:27246322,DG_3_066
11:23714171,DG_3_067
3:19655164,DG_3_068
5:27207893,DG_3_069
5:27900371,DG_3_070
3:18843565,DG_3_071
3:28785792,DG_3_072
10:19733486,DG_3_073
2:15552312,DG_3_074
3:23520430,DG_3_075
3:23712501,DG_3_076
3:23461389,DG_3_077
3:23389564,DG_3_078
3:23346148,DG_3_079
3:23986122,DG_3_080
3:23706178,DG_3_081
3:23494915,DG_3_082
3:23385479,DG_3_083
11:23204410,DG_3_084
11:22950719,DG_3_085
12:34493199,DG_3_086
3:27154431,DG_3_087
3:28566249,DG_3_088
3:30838568,DG_3_089
12:19394979,DG_3_090
1:33854431,DG_3_091
11:27982828,DG_3_092
11:31425192,DG_3_093
3:23009306,DG_3_094
3:64121028,DG_3_095
2:19635388,DG_4_001
4:34278634,DG_4_002
2:53838194,DG_4_003
4:34152829,DG_4_004
2:53753680,DG_4_005
5:10237797,DG_4_006
4:32010250,DG_4_007
4:32587187,DG_4_008
2:38305808,DG_4_009
4:32106393,DG_4_010
15:17120335,DG_4_011
4:35446116,DG_4_012
15:17240684,DG_4_013
4:35810632,DG_4_014
4:35438869,DG_4_015
4:35785515,DG_4_016
4:35028405,DG_4_017
4:39209649,DG_4_018
4:39776408,DG_4_019
4:39829980,DG_4_020
1:66045356,DG_4_021
10:23633888,DG_4_022
3:72530848,DG_4_023
4:36442634,DG_4_024
3:59383987,DG_4_025
10:23614005,DG_4_026
4:39866135,DG_4_027
4:36245653,DG_4_028
4:36235766,DG_4_029
9:8978186,DG_4_030
4:39416257,DG_4_031
14:31949144,DG_4_032
3:30207739,DG_4_033
4:38732764,DG_4_034
4:42473418,DG_4_035
4:47743750,DG_4_036
10:10265465,DG_4_037
7:34289486,DG_4_038
9:11188224,DG_4_039
9:11228280,DG_4_040
12:14725663,DG_4_041
12:33111021,DG_4_042
8:45726224,DG_4_043
16:26897115,DG_4_044
4:50723156,DG_4_045
4:51321102,DG_4_046
4:51021351,DG_4_047
4:50803240,DG_4_048
4:51564161,DG_4_049
12:19997567,DG_4_050
8:31577684,DG_4_051
4:56291499,DG_4_052
4:56171553,DG_4_053
12:44145163,DG_4_054
4:67833454,DG_4_055
13:13646557,DG_4_056
4:69450355,DG_4_057
4:57282178,DG_4_058
16:2513439,DG_4_059
11:64101328,DG_4_060
1:83785785,DG_4_061
11:64088454,DG_4_062
1:4980541,DG_4_063
12:38343043,DG_4_064
14:14732628,DG_4_065
4:62036029,DG_4_066
8:34346472,DG_4_067
8:34330552,DG_4_068
4:68177451,DG_4_069
12:22459640,DG_4_070
14:11582599,DG_4_071
4:69635823,DG_4_072
4:65907505,DG_4_073
4:65281917,DG_4_074
4:71647308,DG_4_075
12:21477044,DG_4_076
4:71729272,DG_4_077
8:54143576,DG_4_078
12:42834732,DG_4_079
3:47898434,DG_4_080
12:46133764,DG_4_081
9:38265365,DG_4_082
12:42828585,DG_4_083
12:44048929,DG_4_084
4:71649547,DG_4_085
12:44061580,DG_4_086
16:11798410,DG_4_087
4:77674677,DG_4_088
13:4853442,DG_4_089
12:43078598,DG_4_090
13:4688027,DG_4_091
13:4690147,DG_4_092
4:59660137,DG_4_093
13:4707614,DG_4_094
4:54795029,DG_4_095
4:83803034,DG_4_096
2:42996050,DG_4_097
4:83203304,DG_4_098
4:83193334,DG_4_099
4:81712325,DG_4_100
4:79789273,DG_4_101
4:81662588,DG_4_102
4:81668940,DG_4_103
3:38376651,DG_4_104
4:82473224,DG_4_105
12:50554020,DG_4_106
4:81706482,DG_4_107
4:83125101,DG_4_108
13:121536,DG_5_001
13:10394124,DG_5_002
13:364611,DG_5_003
9:43976150,DG_5_004
13:125333,DG_5_005
9:44368584,DG_5_006
13:515601,DG_5_007
13:14576315,DG_5_008
13:477763,DG_5_009
13:112116,DG_5_010
13:379711,DG_5_011
9:60788780,DG_5_012
13:14748543,DG_5_013
6:13573993,DG_5_014
13:1202602,DG_5_015
13:1220970,DG_5_016
13:1125520,DG_5_017
13:1192754,DG_5_018
6:13562557,DG_5_019
13:3841468,DG_5_020
4:60524904,DG_5_021
6:38796500,DG_5_022
2:50830987,DG_5_023
13:4095577,DG_5_024
2:50846882,DG_5_025
4:10255818,DG_5_026
4:10235334,DG_5_027
6:38957555,DG_5_028
5:1031363,DG_5_029
2:50806710,DG_5_030
2:50849025,DG_5_031
6:38983705,DG_5_032
5:1890956,DG_5_033
5:2897172,DG_5_034
7:47709424,DG_5_035
5:2792503,DG_5_036
5:3114617,DG_5_037
13:11228645,DG_5_038
3:63520250,DG_5_039
5:4391554,DG_5_040
13:10637119,DG_5_041
4:1366097,DG_5_042
5:1196638,DG_5_043
3:63545474,DG_5_044
5:1144026,DG_5_045
4:60505785,DG_5_046
5:968850,DG_5_047
13:11324751,DG_5_048
5:2785049,DG_5_049
13:17703863,DG_5_050
10:11680427,DG_5_051
10:11974652,DG_5_052
8:8416972,DG_5_053
13:25146387,DG_5_054
5:3335042,DG_5_055
1:15047185,DG_5_056
5:3659462,DG_5_057
13:20001755,DG_5_058
6:25637773,DG_5_059
5:3450296,DG_5_060
5:3364109,DG_5_061
5:3341512,DG_5_062
5:4903721,DG_5_063
8:42684731,DG_5_064
9:59587233,DG_5_065
6:24818696,DG_5_066
3:17551498,DG_5_067
3:17506886,DG_5_068
3:17474798,DG_5_069
5:4216373,DG_5_070
3:17634717,DG_5_071
5:4170299,DG_5_072
5:5685500,DG_5_073
5:4213476,DG_5_074
1:59797963,DG_5_075
5:4207296,DG_5_076
3:17539598,DG_5_077
5:4179661,DG_5_078
1:59728772,DG_5_079
3:17649031,DG_5_080
5:5678857,DG_5_081
3:17601952,DG_5_082
5:4850584,DG_5_083
5:5169798,DG_5_084
6:29618796,DG_5_085
5:4848318,DG_5_086
5:5223995,DG_5_087
6:29589499,DG_5_088
5:11734322,DG_5_089
5:11729042,DG_5_090
5:6457202,DG_5_091
5:7044650,DG_5_092
5:7350592,DG_5_093
7:53110613,DG_5_094
5:6450192,DG_5_095
5:8364775,DG_5_096
7:53079927,DG_5_097
1:18842978,DG_5_098
4:64264976,DG_5_099
1:70796418,DG_5_100
1:70858761,DG_5_101
4:40108719,DG_5_102
5:8677270,DG_5_103
3:51805359,DG_5_104
5:10149683,DG_5_105
5:10885918,DG_5_106
3:66364052,DG_5_107
11:22749099,DG_5_108
5:12468384,DG_5_109
5:12557744,DG_5_110
3:55364873,DG_5_111
3:55335609,DG_5_112
3:55286197,DG_5_113
5:12147427,DG_5_114
3:55587005,DG_5_115
5:12601695,DG_5_116
3:55670000,DG_5_117
5:12174860,DG_5_118
8:9984262,DG_5_119
5:13209248,DG_5_120
5:13461517,DG_5_121
5:13669367,DG_5_122
5:13201388,DG_5_123
5:13672669,DG_5_124
4:59263966,DG_5_125
12:37442924,DG_5_126
3:55783905,DG_5_127
12:36641333,DG_5_128
5:13840639,DG_5_129
9:3845515,DG_5_130
7:13522405,DG_5_131
1:30867552,DG_5_132
5:17032545,DG_5_133
7:39014338,DG_5_134
9:3796631,DG_5_135
4:56454106,DG_5_136
5:17150453,DG_5_137
4:36380808,DG_5_138
12:13114311,DG_5_139
1:30870798,DG_5_140
5:16336960,DG_5_141
10:13218861,DG_5_142
14:26261816,DG_5_143
4:66400127,DG_5_144
4:39433340,DG_5_145
10:13354606,DG_5_146
6:35318139,DG_5_147
12:13212758,DG_5_148
2:44895452,DG_5_149
4:46480861,DG_5_150
8:22064942,DG_5_151
11:36536462,DG_5_152
13:23181104,DG_5_153
3:18668655,DG_5_154
2:51338743,DG_5_155
13:23208510,DG_5_156
3:18685519,DG_5_157
14:22054723,DG_5_158
9:20025046,DG_5_159
3:66483064,DG_5_160
8:5410440,DG_5_161
5:18144941,DG_5_162
11:59480799,DG_5_163
1:56437288,DG_5_164
5:22029888,DG_5_165
5:20770388,DG_5_166
1:35351984,DG_5_167
11:19887530,DG_5_168
3:485679,DG_5_169
5:20767859,DG_5_170
5:23213400,DG_5_171
5:23207803,DG_5_172
6:21451868,DG_5_173
5:22789446,DG_5_174
5:22669524,DG_5_175
5:24924922,DG_5_176
1:71018426,DG_5_177
5:24934033,DG_5_178
9:53145998,DG_5_179
5:22970433,DG_5_180
12:19573583,DG_5_181
3:42539317,DG_6_001
3:17111948,DG_6_002
3:42517193,DG_6_003
6:26304119,DG_6_004
8:30708882,DG_6_005
6:24008520,DG_6_006
6:25956786,DG_6_007
12:35293994,DG_6_008
6:27390344,DG_6_009
5:36846006,DG_6_010
14:29215898,DG_6_011
4:37848984,DG_6_012
4:53452068,DG_6_013
1:89650583,DG_6_014
7:46418356,DG_6_015
15:13186532,DG_6_016
6:28337837,DG_6_017
6:32184811,DG_6_018
6:31339880,DG_6_019
6:32210449,DG_6_020
6:32204397,DG_6_021
6:38541335,DG_6_022
6:38553759,DG_6_023
6:38520040,DG_6_024
6:34846497,DG_6_025
6:34867939,DG_6_026
4:10883143,DG_6_027
12:41843752,DG_6_028
6:34929329,DG_6_029
4:80272857,DG_6_030
6:36339535,DG_6_031
6:36283771,DG_6_032
3:43022689,DG_6_033
6:37280996,DG_6_034
6:36219364,DG_6_035
11:24601891,DG_6_036
6:35187145,DG_6_037
12:1300141,DG_6_038
9:43510128,DG_6_039
12:1338155,DG_6_040
12:1341760,DG_6_041
6:33239330,DG_6_042
6:29879972,DG_6_043
1:41446848,DG_6_044
1:41401026,DG_6_045
1:41442793,DG_6_046
1:41434996,DG_6_047
6:36589496,DG_6_048
6:32897706,DG_6_049
6:36626301,DG_6_050
6:32931613,DG_6_051
6:37106791,DG_6_052
14:31288585,DG_6_053
14:31827854,DG_6_054
4:81890822,DG_6_055
6:30679731,DG_6_056
7:2322473,DG_7_001
7:1539484,DG_7_002
7:24220424,DG_7_003
6:33597401,DG_7_004
7:8514525,DG_7_005
11:9295967,DG_7_006
12:20836535,DG_7_007
4:40386550,DG_7_008
1:12900423,DG_7_009
7:17238130,DG_7_010
7:16482696,DG_7_011
7:15935889,DG_7_012
8:9821338,DG_7_013
7:18333792,DG_7_014
14:11058152,DG_7_015
12:23031667,DG_7_016
7:20993029,DG_7_017
3:62975098,DG_7_018
8:29653149,DG_7_019
15:14170433,DG_7_020
12:47107923,DG_7_021
7:22007098,DG_7_022
8:54153078,DG_7_023
7:21910145,DG_7_024
4:41248519,DG_7_025
14:13262068,DG_7_026
4:55547937,DG_7_027
2:17378527,DG_7_028
10:18280072,DG_7_029
10:17698912,DG_7_030
8:17777780,DG_7_031
4:63418601,DG_7_032
8:17842751,DG_7_033
6:36241296,DG_7_034
7:24126079,DG_7_035
9:14052724,DG_7_036
4:51935978,DG_7_037
5:3831996,DG_7_038
5:3981903,DG_7_039
9:47897221,DG_7_040
5:3836924,DG_7_041
7:24128661,DG_7_042
11:64784128,DG_7_043
7:29461760,DG_7_044
7:28763325,DG_7_045
9:14228487,DG_7_046
8:22631115,DG_7_047
8:22625802,DG_7_048
1:21978513,DG_7_049
4:62046668,DG_7_050
12:25524334,DG_7_051
7:35652957,DG_7_052
7:24316237,DG_7_053
11:3563204,DG_7_054
4:62039850,DG_7_055
4:76607621,DG_7_056
4:76613360,DG_7_057
7:40193768,DG_7_058
8:52039061,DG_7_059
3:72264066,DG_7_060
7:37473706,DG_7_061
7:38110435,DG_7_062
15:31673281,DG_7_063
7:38150109,DG_7_064
6:22368192,DG_7_065
3:72271142,DG_7_066
14:12321598,DG_7_067
4:79719441,DG_7_068
7:42808730,DG_7_069
7:37937424,DG_7_070
4:36110007,DG_7_071
7:43406998,DG_7_072
7:45510178,DG_7_073
7:43578672,DG_7_074
7:43519203,DG_7_075
7:45463397,DG_7_076
15:24739899,DG_7_077
7:51742180,DG_7_078
15:24587378,DG_7_079
7:52104137,DG_7_080
10:39907644,DG_7_081
15:20549902,DG_7_082
15:20544443,DG_7_083
15:20569122,DG_7_084
7:52684392,DG_7_085
7:49841637,DG_7_086
15:25193401,DG_7_087
7:52620579,DG_7_088
7:50338720,DG_7_089
7:48029653,DG_7_090
16:13366476,DG_7_091
7:48504840,DG_7_092
7:50403469,DG_7_093
7:48081582,DG_7_094
7:48531140,DG_7_095
4:60616737,DG_7_096
7:52661217,DG_7_097
1:77036244,DG_7_098
7:50878992,DG_7_099
7:48086741,DG_7_100
7:46564849,DG_7_101
7:50868976,DG_7_102
7:46557285,DG_7_103
1:27811572,DG_7_104
1:27227120,DG_7_105
9:22568048,DG_7_106
7:51087252,DG_7_107
1:27797016,DG_7_108
1:27788463,DG_7_109
1:27622820,DG_7_110
1:27203406,DG_7_111
1:27219384,DG_7_112
2:37456337,DG_7_113
3:24563723,DG_8_001
1:81614903,DG_8_002
16:153879,DG_8_003
3:24447266,DG_8_004
5:45301114,DG_8_005
3:24460538,DG_8_006
2:37098218,DG_8_007
3:24441612,DG_8_008
8:7255573,DG_8_009
1:38338536,DG_8_010
9:31768410,DG_8_011
9:31763942,DG_8_012
8:8623343,DG_8_013
8:8609654,DG_8_014
14:30572750,DG_8_015
13:1543186,DG_8_016
4:13501520,DG_8_017
8:10690518,DG_8_018
4:33667816,DG_8_019
8:659896,DG_8_020
8:2408539,DG_8_021
8:2390389,DG_8_022
10:9634675,DG_8_023
8:3399111,DG_8_024
8:3117030,DG_8_025
8:3568494,DG_8_026
8:12820394,DG_8_027
4:59676731,DG_8_028
16:10193874,DG_8_029
16:10191220,DG_8_030
8:15317290,DG_8_031
8:15298953,DG_8_032
8:15330961,DG_8_033
2:43101651,DG_8_034
8:15305042,DG_8_035
16:11514900,DG_8_036
8:15352305,DG_8_037
8:15348697,DG_8_038
16:11742827,DG_8_039
2:43108088,DG_8_040
2:43519921,DG_8_041
5:24690291,DG_8_042
7:33836919,DG_8_043
1:67578715,DG_8_044
2:23177896,DG_8_045
7:44539879,DG_8_046
7:44310811,DG_8_047
8:2750465,DG_8_048
10:36811235,DG_8_049
12:43434052,DG_8_050
12:15125985,DG_8_051
4:29941927,DG_8_052
16:15679358,DG_8_053
13:24986449,DG_8_054
16:15698827,DG_8_055
12:20240216,DG_8_056
13:24961195,DG_8_057
1:86090322,DG_8_058
13:24971249,DG_8_059
12:20254510,DG_8_060
8:13673697,DG_8_061
8:13074543,DG_8_062
15:4311307,DG_8_063
1:73072417,DG_8_064
8:14639942,DG_8_065
10:7610657,DG_8_066
8:24911207,DG_8_067
12:47892093,DG_8_068
8:19460524,DG_8_069
8:24001603,DG_8_070
8:23934359,DG_8_071
8:23184561,DG_8_072
8:23162687,DG_8_073
8:24426678,DG_8_074
8:26137433,DG_8_075
1:17237343,DG_8_076
9:32690865,DG_8_077
8:26416749,DG_8_078
3:26703058,DG_8_079
16:19927297,DG_8_080
8:26413433,DG_8_081
4:30476841,DG_8_082
5:39587998,DG_8_083
8:31150486,DG_8_084
8:31092285,DG_8_085
6:20221200,DG_8_086
8:28934181,DG_8_087
8:32310568,DG_8_088
8:32562407,DG_8_089
8:32967388,DG_8_090
13:32755297,DG_8_091
1:24229582,DG_8_092
8:41172029,DG_8_093
8:35031371,DG_8_094
16:23778711,DG_8_095
6:14657459,DG_8_096
16:23535911,DG_8_097
5:2065439,DG_8_098
4:76710350,DG_8_099
5:2091732,DG_8_100
4:76860017,DG_8_101
9:2378979,DG_8_102
11:2790485,DG_8_103
4:11233118,DG_8_104
9:42963460,DG_8_105
11:3067248,DG_8_106
11:3224570,DG_8_107
11:2943463,DG_8_108
5:8990318,DG_8_109
2:26062532,DG_8_110
8:43778381,DG_8_111
8:44693567,DG_8_112
7:7615595,DG_8_113
8:45254136,DG_8_114
8:1095845,DG_8_115
4:18350867,DG_8_116
8:46913705,DG_8_117
8:47095870,DG_8_118
14:11190817,DG_8_119
8:47079694,DG_8_120
4:28333612,DG_8_121
8:46334720,DG_8_122
8:46340139,DG_8_123
8:46346039,DG_8_124
4:28402926,DG_8_125
16:32586412,DG_8_126
16:28725138,DG_8_127
16:33070686,DG_8_128
8:35968305,DG_8_129
1:79555610,DG_8_130
1:79567141,DG_8_131
8:52686829,DG_8_132
12:38315629,DG_8_133
8:10557282,DG_8_134
8:52703901,DG_8_135
8:52699582,DG_8_136
12:38674739,DG_8_137
12:38436000,DG_8_138
12:38419881,DG_8_139
2:3674707,DG_8_140
14:2458015,DG_8_141
2:3707283,DG_8_142
4:1514960,DG_8_143
8:48321556,DG_8_144
9:10739799,DG_8_145
1:44484345,DG_8_146
2:30793447,DG_8_147
11:51083878,DG_8_148
6:32057188,DG_8_149
11:53789904,DG_8_150
11:51057585,DG_8_151
8:55189298,DG_8_152
11:51069571,DG_8_153
3:7203861,DG_8_154
11:54013770,DG_8_155
3:7233220,DG_8_156
3:7213159,DG_8_157
8:54668569,DG_8_158
3:7249971,DG_8_159
8:55044172,DG_8_160
9:28946744,DG_8_161
9:29002295,DG_8_162
9:29047449,DG_8_163
8:54466479,DG_8_164
8:54485948,DG_8_165
2:45182326,DG_8_166
8:53903579,DG_8_167
9:28951678,DG_8_168
8:55605551,DG_8_169
2:45184834,DG_8_170
8:55616218,DG_8_171
8:55836398,DG_8_172
8:55957541,DG_8_173
8:55822711,DG_8_174
8:56026222,DG_8_175
9:60116054,DG_8_176
13:28668881,DG_8_177
8:56100352,DG_8_178
4:34790402,DG_8_179
16:40589886,DG_8_180
8:57913807,DG_8_181
8:57816003,DG_8_182
8:57866677,DG_8_183
8:59006913,DG_8_184
8:58997857,DG_8_185
8:59001326,DG_8_186
8:58033606,DG_8_187
3:14209369,DG_8_188
8:61377122,DG_8_189
3:1457120,DG_8_190
3:1404470,DG_8_191
2:38154780,DG_8_192
8:60624947,DG_8_193
7:41727762,DG_8_194
3:1472063,DG_8_195
7:41736398,DG_8_196
11:47135363,DG_8_197
8:63047006,DG_8_198
8:62636997,DG_8_199
7:41667884,DG_8_200
8:62989026,DG_8_201
13:5256500,DG_8_202
3:1453631,DG_8_203
8:57107846,DG_8_204
16:46044278,DG_8_205
8:61984952,DG_8_206
8:63123740,DG_8_207
8:63127966,DG_8_208
16:44347421,DG_8_209
16:46154933,DG_8_210
8:61981784,DG_8_211
9:4256867,DG_9_001
1:2402987,DG_9_002
9:4180026,DG_9_003
1:3806177,DG_9_004
2:5152584,DG_9_005
1:2263218,DG_9_006
1:2413921,DG_9_007
9:3466069,DG_9_008
9:12308191,DG_9_009
9:8256294,DG_9_010
9:7919834,DG_9_011
9:12261785,DG_9_012
9:7928420,DG_9_013
1:21356296,DG_9_014
1:15297495,DG_9_015
9:14447529,DG_9_016
13:2900272,DG_9_017
1:15336357,DG_9_018
9:14658880,DG_9_019
8:58387482,DG_9_020
9:10506342,DG_9_021
9:14484542,DG_9_022
9:2929659,DG_9_023
7:13951922,DG_9_024
1:22161297,DG_9_025
9:11774550,DG_9_026
9:11684505,DG_9_027
9:11770443,DG_9_028
2:23459434,DG_9_029
1:13277739,DG_9_030
1:13405575,DG_9_031
2:23448625,DG_9_032
7:14036314,DG_9_033
1:22126840,DG_9_034
1:20029660,DG_9_035
1:19863495,DG_9_036
9:11409944,DG_9_037
9:11403711,DG_9_038
9:8667878,DG_9_039
9:8719653,DG_9_040
9:8569374,DG_9_041
9:11407484,DG_9_042
9:8686214,DG_9_043
1:20036939,DG_9_044
9:8705246,DG_9_045
3:36040998,DG_9_046
9:13445668,DG_9_047
9:15584016,DG_9_048
1:31691355,DG_9_049
11:14746029,DG_9_050
1:26155087,DG_9_051
1:25065517,DG_9_052
1:26150440,DG_9_053
1:26159385,DG_9_054
9:17933112,DG_9_055
1:33463025,DG_9_056
1:33492307,DG_9_057
9:20482465,DG_9_058
1:43860122,DG_9_059
15:26388047,DG_9_060
16:38493284,DG_9_061
1:72025007,DG_9_062
1:71995641,DG_9_063
7:26967976,DG_9_064
1:63154725,DG_9_065
9:31903905,DG_9_066
5:20448793,DG_9_067
9:34202346,DG_9_068
9:34626568,DG_9_069
1:47280371,DG_9_070
1:47327331,DG_9_071
8:62862087,DG_9_072
1:47290936,DG_9_073
2:39267648,DG_9_074
9:34593606,DG_9_075
9:34671254,DG_9_076
2:39224193,DG_9_077
2:39216465,DG_9_078
5:33152869,DG_9_079
9:36773594,DG_9_080
1:50141250,DG_9_081
9:35216134,DG_9_082
8:25488951,DG_9_083
8:25753371,DG_9_084
11:29821797,DG_9_085
8:25255774,DG_9_086
5:228240,DG_9_087
8:25253089,DG_9_088
8:25805557,DG_9_089
1:54506133,DG_9_090
1:52521038,DG_9_091
9:39145039,DG_9_092
11:43310121,DG_9_093
15:33534976,DG_9_094
7:21373247,DG_9_095
13:7190733,DG_9_096
9:40739104,DG_9_097
11:13931772,DG_9_098
12:7010472,DG_9_099
10:28288729,DG_9_100
1:61721248,DG_9_101
14:28115870,DG_9_102
1:64032601,DG_9_103
9:42642785,DG_9_104
16:18321243,DG_9_105
1:64035716,DG_9_106
9:45459223,DG_9_107
13:36110048,DG_9_108
5:31155601,DG_9_109
5:31149772,DG_9_110
13:15463609,DG_9_111
1:66224329,DG_9_112
8:22808373,DG_9_113
1:66168918,DG_9_114
15:33468872,DG_9_115
1:67186377,DG_9_116
1:67175015,DG_9_117
9:49360707,DG_9_118
1:43624535,DG_9_119
1:43627844,DG_9_120
4:76500034,DG_9_121
14:7459485,DG_9_122
9:49786639,DG_9_123
6:11352452,DG_9_124
1:12699190,DG_9_125
9:50157400,DG_9_126
6:9084655,DG_9_127
15:31146301,DG_9_128
12:33658011,DG_9_129
9:50192961,DG_9_130
6:9093640,DG_9_131
1:74088338,DG_9_132
12:33682436,DG_9_133
6:9116814,DG_9_134
12:33668450,DG_9_135
12:33674071,DG_9_136
1:74085199,DG_9_137
12:33727883,DG_9_138
1:4092160,DG_9_139
12:33679605,DG_9_140
9:50837640,DG_9_141
6:10469494,DG_9_142
1:74443487,DG_9_143
12:1684158,DG_9_144
9:50823627,DG_9_145
9:50831913,DG_9_146
6:10461299,DG_9_147
9:50877667,DG_9_148
9:50967403,DG_9_149
9:51030760,DG_9_150
9:51307277,DG_9_151
6:16772131,DG_9_152
2:52608956,DG_9_153
9:55167538,DG_9_154
9:55188896,DG_9_155
2:52627990,DG_9_156
6:16768137,DG_9_157
1:77605313,DG_9_158
9:56041636,DG_9_159
1:78198341,DG_9_160
1:77620400,DG_9_161
9:56506416,DG_9_162
9:55177818,DG_9_163
3:59830170,DG_9_164
9:56240364,DG_9_165
1:79876261,DG_9_166
1:87411965,DG_9_167
1:86969678,DG_9_168
1:89600562,DG_9_169
9:55859039,DG_9_170
1:89625376,DG_9_171
9:61647771,DG_9_172
13:1487452,DG_9_173
9:59673483,DG_9_174
1:88043312,DG_9_175
8:43829874,DG_9_176
1:80075865,DG_9_177
1:80176394,DG_9_178
1:80251910,DG_9_179
1:73010862,DG_9_180
8:44166509,DG_9_181
10:32830109,DG_9_182
5:1607411,DG_9_183
1:91077229,DG_9_184
1:94563766,DG_9_185
3:63718944,DG_9_186
5:1569187,DG_9_187
2:11107979,DG_9_188
1:93856717,DG_9_189
10:32798153,DG_9_190
10:32783705,DG_9_191
3:63759696,DG_9_192
1:93886684,DG_9_193
1:92735986,DG_9_194
11:1219903,DG_9_195
1:94077701,DG_9_196
1:93644856,DG_9_197
3:63735564,DG_9_198
1:94004485,DG_9_199
3:63723607,DG_9_200
1:94566166,DG_9_201
10:38956891,DG_9_202
9:58158974,DG_9_203
3:63667946,DG_9_204
1:72860893,DG_9_205
1:93897645,DG_9_206
10:38962609,DG_9_207
3:63731318,DG_9_208
12:22407178,DG_10_001
2:2115437,DG_10_002
2:774949,DG_10_003
2:798925,DG_10_004
2:747066,DG_10_005
2:717045,DG_10_006
4:51299079,DG_10_007
3:52945560,DG_10_008
5:47713429,DG_10_009
5:47708497,DG_10_010
2:1756426,DG_10_011
10:1835198,DG_10_012
2:721048,DG_10_013
10:3021189,DG_10_014
10:1803354,DG_10_015
2:791084,DG_10_016
10:1797769,DG_10_017
2:1862310,DG_10_018
2:3195052,DG_10_019
2:3559133,DG_10_020
2:9603199,DG_10_021
2:3570385,DG_10_022
2:7874203,DG_10_023
9:53608185,DG_10_024
2:7861339,DG_10_025
10:3106740,DG_10_026
10:7223725,DG_10_027
2:7811612,DG_10_028
2:4606005,DG_10_029
2:3933241,DG_10_030
10:4500232,DG_10_031
10:4473684,DG_10_032
9:57278172,DG_10_033
9:46813321,DG_10_034
10:3342295,DG_10_035
10:3861191,DG_10_036
10:5184667,DG_10_037
2:11189182,DG_10_038
2:11183094,DG_10_039
10:4174907,DG_10_040
2:11257268,DG_10_041
13:3891503,DG_10_042
9:41485556,DG_10_043
10:4177767,DG_10_044
10:5690778,DG_10_045
10:7507542,DG_10_046
2:6471274,DG_10_047
2:14410020,DG_10_048
2:14296387,DG_10_049
6:5178841,DG_10_050
15:24648112,DG_10_051
11:46608007,DG_10_052
2:49962376,DG_10_053
2:49832458,DG_10_054
10:9233013,DG_10_055
2:49947909,DG_10_056
6:23660239,DG_10_057
2:49895180,DG_10_058
2:49804939,DG_10_059
2:49915311,DG_10_060
6:23628993,DG_10_061
6:23754500,DG_10_062
2:49878873,DG_10_063
12:6348308,DG_10_064
10:11195090,DG_10_065
10:11235009,DG_10_066
2:23639946,DG_10_067
2:23690497,DG_10_068
2:23680784,DG_10_069
16:22714916,DG_10_070
2:24672746,DG_10_071
14:11615056,DG_10_072
10:16034822,DG_10_073
2:21283244,DG_10_074
10:16804102,DG_10_075
12:15813248,DG_10_076
10:16539522,DG_10_077
10:16208737,DG_10_078
10:16216422,DG_10_079
16:44261234,DG_10_080
4:84014589,DG_10_081
2:26517709,DG_10_082
2:11640863,DG_10_083
16:44239715,DG_10_084
4:84614434,DG_10_085
2:26454190,DG_10_086
12:7646824,DG_10_087
6:22246347,DG_10_088
2:26614463,DG_10_089
2:26450271,DG_10_090
16:27550983,DG_10_091
10:20404937,DG_10_092
2:30462916,DG_10_093
10:21730628,DG_10_094
10:22722460,DG_10_095
11:13705185,DG_10_096
10:22762714,DG_10_097
2:36140806,DG_10_098
12:37176265,DG_10_099
2:32704639,DG_10_100
5:22962490,DG_10_101
5:26387538,DG_10_102
10:35138456,DG_10_103
10:24735197,DG_10_104
10:29931450,DG_10_105
4:39376301,DG_10_106
10:23590670,DG_10_107
4:64598417,DG_10_108
4:59622642,DG_10_109
12:11667884,DG_10_110
10:25965417,DG_10_111
10:25916923,DG_10_112
13:8044244,DG_10_113
4:39358069,DG_10_114
10:29090976,DG_10_115
13:26836564,DG_10_116
10:24745914,DG_10_117
2:10018142,DG_10_118
6:17008091,DG_10_119
2:46629904,DG_10_120
13:37130721,DG_10_121
10:30614276,DG_10_122
11:20297183,DG_10_123
1:17915261,DG_10_124
2:37602534,DG_10_125
10:31584236,DG_10_126
9:23631957,DG_10_127
10:34652686,DG_10_128
2:49429229,DG_10_129
2:49388480,DG_10_130
10:34194587,DG_10_131
10:34140626,DG_10_132
10:34658541,DG_10_133
8:3416208,DG_10_134
10:26264083,DG_10_135
7:29772093,DG_10_136
4:22109353,DG_10_137
2:41208781,DG_10_138
1:47665561,DG_10_139
1:47699013,DG_10_140
15:11491022,DG_10_141
1:5860402,DG_10_142
2:43914108,DG_10_143
11:43192432,DG_10_144
2:47564341,DG_10_145
2:54242527,DG_10_146
10:37812227,DG_10_147
2:47561730,DG_10_148
2:46116765,DG_10_149
10:37912278,DG_10_150
1:15654787,DG_10_151
10:37837107,DG_10_152
10:10154967,DG_10_153
1:86850365,DG_10_154
11:11928899,DG_10_155
10:10100994,DG_10_156
2:46091293,DG_10_157
6:1816309,DG_11_001
11:836231,DG_11_002
5:39092897,DG_11_003
3:6144048,DG_11_004
11:4385222,DG_11_005
3:7756887,DG_11_006
11:6969551,DG_11_007
5:28758147,DG_11_008
11:7013976,DG_11_009
11:1855861,DG_11_010
11:4732190,DG_11_011
11:1851062,DG_11_012
11:1881803,DG_11_013
11:4737375,DG_11_014
9:9162776,DG_11_015
9:9129586,DG_11_016
4:8690906,DG_11_017
2:24068186,DG_11_018
11:19494543,DG_11_019
6:3845373,DG_11_020
11:11843052,DG_11_021
12:21021394,DG_11_022
11:22269842,DG_11_023
11:50716321,DG_11_024
11:12517567,DG_11_025
3:20403931,DG_11_026
11:10633347,DG_11_027
11:21944217,DG_11_028
11:22033526,DG_11_029
6:18313119,DG_11_030
3:27480986,DG_11_031
3:24346359,DG_11_032
10:20730301,DG_11_033
11:21013723,DG_11_034
11:21035362,DG_11_035
11:24855560,DG_11_036
11:13333142,DG_11_037
11:23043640,DG_11_038
11:13337546,DG_11_039
11:23410458,DG_11_040
11:23308216,DG_11_041
11:13465485,DG_11_042
11:26076100,DG_11_043
11:28814332,DG_11_044
2:10139261,DG_11_045
2:10096225,DG_11_046
2:10164595,DG_11_047
2:10073114,DG_11_048
8:56309522,DG_11_049
4:45323788,DG_11_050
5:27118895,DG_11_051
4:45308729,DG_11_052
8:56277729,DG_11_053
4:45352901,DG_11_054
4:45310917,DG_11_055
11:31209255,DG_11_056
3:31360426,DG_11_057
3:31425707,DG_11_058
8:56294852,DG_11_059
3:34564732,DG_11_060
3:34012785,DG_11_061
11:31464349,DG_11_062
11:31455928,DG_11_063
11:31891780,DG_11_064
11:31730487,DG_11_065
15:8014864,DG_11_066
3:34093036,DG_11_067
3:34429776,DG_11_068
3:34535300,DG_11_069
3:34425951,DG_11_070
11:32320512,DG_11_071
3:36119683,DG_11_072
3:36258915,DG_11_073
11:35373935,DG_11_074
4:46616602,DG_11_075
6:38852524,DG_11_076
11:37961483,DG_11_077
11:37899301,DG_11_078
11:39208027,DG_11_079
11:37915596,DG_11_080
11:40901234,DG_11_081
3:48026227,DG_11_082
4:79393101,DG_11_083
1:17818780,DG_11_084
11:40793705,DG_11_085
11:40888063,DG_11_086
3:62173491,DG_11_087
11:38696091,DG_11_088
11:4058323,DG_11_089
3:50002516,DG_11_090
12:32396762,DG_11_091
3:49877159,DG_11_092
1:20990542,DG_11_093
2:6349679,DG_11_094
11:44218681,DG_11_095
8:47870541,DG_11_096
8:47824143,DG_11_097
11:47380649,DG_11_098
15:34655790,DG_11_099
11:45071713,DG_11_100
3:56542922,DG_11_101
11:46296058,DG_11_102
11:48189787,DG_11_103
8:13448744,DG_11_104
11:48535215,DG_11_105
11:49723125,DG_11_106
9:21886049,DG_11_107
11:49534853,DG_11_108
3:57548499,DG_11_109
3:57523570,DG_11_110
3:57517596,DG_11_111
11:52874347,DG_11_112
3:57557180,DG_11_113
6:559603,DG_11_114
5:43342614,DG_11_115
11:58358175,DG_11_116
14:17867644,DG_11_117
7:35638073,DG_11_118
11:55808028,DG_11_119
9:28100410,DG_11_120
8:12475695,DG_11_121
11:56281846,DG_11_122
8:12472709,DG_11_123
3:62597172,DG_11_124
11:57584514,DG_11_125
3:63011887,DG_11_126
3:62740537,DG_11_127
3:62842889,DG_11_128
12:12678051,DG_11_129
2:12519996,DG_11_130
11:20566093,DG_11_131
11:54960726,DG_11_132
4:39925159,DG_11_133
11:54963266,DG_11_134
14:416402,DG_11_135
14:452137,DG_11_136
3:64377049,DG_11_137
11:20575629,DG_11_138
3:68604628,DG_11_139
11:56631671,DG_11_140
6:36482133,DG_11_141
3:70668309,DG_11_142
6:36828065,DG_11_143
6:36786669,DG_11_144
3:70796320,DG_11_145
6:36819359,DG_11_146
3:66810446,DG_11_147
3:66820321,DG_11_148
11:63173585,DG_11_149
5:15086802,DG_11_150
12:51057836,DG_11_151
11:63585333,DG_11_152
11:58573320,DG_11_153
11:59176383,DG_11_154
1:72124494,DG_11_155
12:23411691,DG_11_156
1:94171084,DG_11_157
11:64456627,DG_11_158
11:64446144,DG_11_159
11:22934166,DG_12_001
12:720791,DG_12_002
12:745759,DG_12_003
12:36666290,DG_12_004
5:3066725,DG_12_005
11:22920711,DG_12_006
12:89118,DG_12_007
4:1025016,DG_12_008
12:787349,DG_12_009
4:1011069,DG_12_010
12:732819,DG_12_011
12:532393,DG_12_012
12:36668574,DG_12_013
12:435663,DG_12_014
12:594319,DG_12_015
12:36673845,DG_12_016
9:30070877,DG_12_017
12:1235361,DG_12_018
12:2494257,DG_12_019
14:3272349,DG_12_020
9:192355,DG_12_021
9:243224,DG_12_022
9:1725295,DG_12_023
12:2005065,DG_12_024
12:4314064,DG_12_025
12:6207869,DG_12_026
12:2893825,DG_12_027
4:5872064,DG_12_028
9:40089484,DG_12_029
4:5937117,DG_12_030
4:13343370,DG_12_031
12:6145097,DG_12_032
9:39993125,DG_12_033
12:45006562,DG_12_034
11:17957376,DG_12_035
12:3744044,DG_12_036
9:53393014,DG_12_037
4:5931848,DG_12_038
4:11728848,DG_12_039
4:13321554,DG_12_040
4:5896607,DG_12_041
12:8172086,DG_12_042
12:8186771,DG_12_043
12:6922393,DG_12_044
4:7972938,DG_12_045
12:3626650,DG_12_046
12:6908377,DG_12_047
4:10465380,DG_12_048
4:7975624,DG_12_049
4:7957987,DG_12_050
4:7984727,DG_12_051
10:19208573,DG_12_052
4:71915447,DG_12_053
4:8003436,DG_12_054
4:10453568,DG_12_055
4:71912499,DG_12_056
4:10818189,DG_12_057
4:10986222,DG_12_058
1:60660798,DG_12_059
4:12209756,DG_12_060
12:8231130,DG_12_061
15:14354414,DG_12_062
7:19508814,DG_12_063
12:46553504,DG_12_064
12:8480915,DG_12_065
9:39307209,DG_12_066
12:46528106,DG_12_067
4:78997728,DG_12_068
12:8532391,DG_12_069
12:8475016,DG_12_070
9:39359912,DG_12_071
12:8507831,DG_12_072
4:78923982,DG_12_073
4:78986247,DG_12_074
12:46549937,DG_12_075
4:78921164,DG_12_076
12:11500581,DG_12_077
4:78909570,DG_12_078
12:10615642,DG_12_079
4:8416532,DG_12_080
3:26560223,DG_12_081
1:1617682,DG_12_082
10:28672057,DG_12_083
12:12548239,DG_12_084
12:13770743,DG_12_085
12:12397151,DG_12_086
12:12502544,DG_12_087
12:13739640,DG_12_088
12:12537031,DG_12_089
4:21704887,DG_12_090
12:13885764,DG_12_091
4:22274430,DG_12_092
4:22258757,DG_12_093
14:19671886,DG_12_094
4:21731321,DG_12_095
12:14574097,DG_12_096
12:17434564,DG_12_097
12:14569762,DG_12_098
8:8872574,DG_12_099
12:15319582,DG_12_100
4:62942749,DG_12_101
13:39308866,DG_12_102
12:16490623,DG_12_103
12:16079500,DG_12_104
12:16099007,DG_12_105
3:4515249,DG_12_106
12:16779832,DG_12_107
4:14159530,DG_12_108
12:17014062,DG_12_109
13:8187658,DG_12_110
12:16876280,DG_12_111
5:38031929,DG_12_112
4:27694339,DG_12_113
2:11826959,DG_12_114
2:11778900,DG_12_115
12:17914896,DG_12_116
12:16617352,DG_12_117
6:35279554,DG_12_118
2:11866128,DG_12_119
4:43400522,DG_12_120
4:43451242,DG_12_121
15:11898839,DG_12_122
4:43415952,DG_12_123
12:18870073,DG_12_124
15:11847090,DG_12_125
15:11888985,DG_12_126
2:39395467,DG_12_127
4:43604136,DG_12_128
2:39398521,DG_12_129
2:39448978,DG_12_130
8:58495823,DG_12_131
12:21928423,DG_12_132
4:33974143,DG_12_133
16:18978896,DG_12_134
8:38023810,DG_12_135
8:37992066,DG_12_136
8:8029939,DG_12_137
4:25952579,DG_12_138
12:21169588,DG_12_139
12:21176808,DG_12_140
2:12197698,DG_12_141
3:72468348,DG_12_142
12:34335470,DG_12_143
12:27710929,DG_12_144
12:27780642,DG_12_145
12:31231309,DG_12_146
4:43836994,DG_12_147
12:30729213,DG_12_148
11:65158345,DG_12_149
12:32250063,DG_12_150
12:30860514,DG_12_151
16:26538324,DG_12_152
10:27993535,DG_12_153
7:25281215,DG_12_154
12:31536209,DG_12_155
16:34552791,DG_12_156
1:30206078,DG_12_157
12:29358740,DG_12_158
4:76190521,DG_12_159
7:35130784,DG_12_160
14:2669964,DG_12_161
12:30725225,DG_12_162
16:26700153,DG_12_163
12:33066946,DG_12_164
16:15944461,DG_12_165
16:15807331,DG_12_166
4:53353111,DG_12_167
4:53479587,DG_12_168
12:35254187,DG_12_169
15:25611757,DG_12_170
15:25570196,DG_12_171
16:1814047,DG_12_172
3:21184923,DG_12_173
16:1879274,DG_12_174
10:26523814,DG_12_175
13:13673011,DG_12_176
1:87117938,DG_12_177
1:72785944,DG_12_178
4:62719455,DG_12_179
1:59907104,DG_12_180
8:25883939,DG_12_181
12:36052352,DG_12_182
8:25876103,DG_12_183
4:56687129,DG_12_184
12:36136411,DG_12_185
4:60267743,DG_12_186
4:60241708,DG_12_187
1:6042361,DG_12_188
4:60334609,DG_12_189
1:6036982,DG_12_190
4:60229450,DG_12_191
5:6208968,DG_12_192
11:315872,DG_12_193
4:67150157,DG_12_194
4:70219553,DG_12_195
5:26594042,DG_12_196
3:45698922,DG_12_197
4:70311165,DG_12_198
12:36466810,DG_12_199
4:67146100,DG_12_200
16:28465828,DG_12_201
4:71033310,DG_12_202
2:8199842,DG_12_203
12:39300256,DG_12_204
4:71968188,DG_12_205
7:33001747,DG_12_206
12:40245519,DG_12_207
12:40612425,DG_12_208
12:40608091,DG_12_209
13:3648874,DG_12_210
13:3654685,DG_12_211
12:39873262,DG_12_212
4:68433877,DG_12_213
4:73151497,DG_12_214
12:39134331,DG_12_215
4:62123722,DG_12_216
12:39091730,DG_12_217
12:39088400,DG_12_218
1:11439700,DG_12_219
15:12254914,DG_12_220
4:61407593,DG_12_221
4:61422039,DG_12_222
12:42199677,DG_12_223
1:34295903,DG_12_224
12:42345933,DG_12_225
12:42197169,DG_12_226
12:46097406,DG_12_227
12:41275194,DG_12_228
12:21637032,DG_12_229
3:76280779,DG_12_230
4:77634647,DG_12_231
4:77631572,DG_12_232
4:77433624,DG_12_233
1:82317505,DG_12_234
12:43272379,DG_12_235
4:11640912,DG_12_236
16:41877414,DG_12_237
12:45288935,DG_12_238
1:57485736,DG_12_239
6:39677610,DG_12_240
12:45523366,DG_12_241
1:57490088,DG_12_242
5:40311951,DG_12_243
2:42512541,DG_12_244
2:42492525,DG_12_245
4:81077125,DG_12_246
12:47397968,DG_12_247
12:41145663,DG_12_248
12:46938170,DG_12_249
12:49136227,DG_12_250
2:25094092,DG_12_251
4:80185224,DG_12_252
6:39722849,DG_12_253
12:50574870,DG_12_254
12:50580626,DG_12_255
12:50599303,DG_12_256
4:25676099,DG_12_257
4:25688750,DG_12_258
4:25678598,DG_12_259
11:51632722,DG_13_001
11:31367400,DG_13_002
5:12997846,DG_13_003
12:27184562,DG_13_004
13:634714,DG_13_005
11:51515910,DG_13_006
11:31364224,DG_13_007
4:57899458,DG_13_008
13:591273,DG_13_009
11:33915697,DG_13_010
5:9670529,DG_13_011
13:1052138,DG_13_012
13:792818,DG_13_013
13:803491,DG_13_014
1:55849961,DG_13_015
13:5004885,DG_13_016
13:7070822,DG_13_017
13:7041445,DG_13_018
13:6295376,DG_13_019
13:7515052,DG_13_020
7:48205174,DG_13_021
12:51188332,DG_13_022
8:32577209,DG_13_023
13:9038043,DG_13_024
16:36206535,DG_13_025
13:7372930,DG_13_026
3:73040289,DG_13_027
3:73011803,DG_13_028
13:2132329,DG_13_029
10:38661395,DG_13_030
4:83019509,DG_13_031
1:21126115,DG_13_032
3:63802923,DG_13_033
4:83024009,DG_13_034
16:18117442,DG_13_035
13:18128463,DG_13_036
10:11482250,DG_13_037
10:11515211,DG_13_038
13:14346682,DG_13_039
13:14014561,DG_13_040
13:6194011,DG_13_041
15:26083822,DG_13_042
5:7691819,DG_13_043
13:13894642,DG_13_044
13:14004766,DG_13_045
13:1638263,DG_13_046
5:7695292,DG_13_047
13:15074312,DG_13_048
12:50035595,DG_13_049
13:17219324,DG_13_050
1:89064188,DG_13_051
13:16015848,DG_13_052
5:11464980,DG_13_053
5:11470112,DG_13_054
11:54285413,DG_13_055
13:20111329,DG_13_056
13:19611963,DG_13_057
1:36351857,DG_13_058
5:21605838,DG_13_059
13:18855578,DG_13_060
12:37528799,DG_13_061
13:19464448,DG_13_062
16:27204279,DG_13_063
13:20961026,DG_13_064
13:20936524,DG_13_065
5:15990731,DG_13_066
0:10902661,DG_13_067
5:15231527,DG_13_068
10:13288864,DG_13_069
4:19473164,DG_13_070
13:23600995,DG_13_071
9:52509777,DG_13_072
13:9316455,DG_13_073
4:11099449,DG_13_074
2:33402270,DG_13_075
13:20560096,DG_13_076
2:33772532,DG_13_077
2:33454787,DG_13_078
13:22806626,DG_13_079
13:28156590,DG_13_080
11:28087783,DG_13_081
16:14498500,DG_13_082
13:40816480,DG_13_083
5:22593112,DG_13_084
13:28411786,DG_13_085
3:6021877,DG_13_086
5:18425901,DG_13_087
2:3094010,DG_13_088
13:29090247,DG_13_089
5:18309048,DG_13_090
12:37152189,DG_13_091
3:6004309,DG_13_092
15:18808016,DG_13_093
13:31303787,DG_13_094
13:30406241,DG_13_095
11:29457432,DG_13_096
11:29465990,DG_13_097
13:31767966,DG_13_098
13:32574275,DG_13_099
13:40112209,DG_13_100
15:21714641,DG_13_101
3:69119618,DG_13_102
4:45617680,DG_13_103
13:32547493,DG_13_104
2:24999810,DG_13_105
2:24996970,DG_13_106
15:21678787,DG_13_107
13:33798649,DG_13_108
12:22927756,DG_13_109
12:22930742,DG_13_110
13:34074253,DG_13_111
13:36942589,DG_13_112
13:34101052,DG_13_113
13:36896575,DG_13_114
4:61642288,DG_13_115
3:42387029,DG_13_116
5:38806701,DG_13_117
9:11483313,DG_13_118
3:24141847,DG_13_119
13:14225708,DG_13_120
5:38855815,DG_13_121
4:61958218,DG_13_122
13:34970881,DG_13_123
13:35071737,DG_13_124
4:31606597,DG_13_125
8:36335133,DG_13_126
12:35098012,DG_13_127
4:75467268,DG_13_128
13:28320186,DG_13_129
0:27371273,DG_13_130
4:30677744,DG_13_131
4:30957296,DG_13_132
15:19279259,DG_13_133
15:19540661,DG_13_134
15:19544200,DG_13_135
15:19288405,DG_13_136
11:5890209,DG_13_137
13:37939660,DG_13_138
2:10899669,DG_13_139
4:44505090,DG_13_140
2:10915811,DG_13_141
14:15312989,DG_13_142
5:43049844,DG_13_143
11:43868372,DG_13_144
5:34362578,DG_13_145
13:40295361,DG_13_146
13:41805393,DG_13_147
5:43079211,DG_13_148
5:47140058,DG_13_149
13:40488786,DG_13_150
13:40651954,DG_13_151
13:41633977,DG_13_152
5:45539540,DG_13_153
15:5861455,DG_13_154
5:47352174,DG_13_155
13:11876339,DG_13_156
11:51751446,DG_13_157
5:44192701,DG_13_158
16:15205749,DG_13_159
13:11817795,DG_13_160
5:45501374,DG_13_161
13:11882995,DG_13_162
5:44660479,DG_13_163
3:26748571,DG_14_001
3:26735632,DG_14_002
8:52230082,DG_14_003
14:1169849,DG_14_004
13:8389327,DG_14_005
16:2782893,DG_14_006
13:8435923,DG_14_007
15:34333266,DG_14_008
3:26934274,DG_14_009
14:1755029,DG_14_010
14:2291644,DG_14_011
4:37985409,DG_14_012
4:73303164,DG_14_013
4:37989395,DG_14_014
4:38041878,DG_14_015
5:42551974,DG_14_016
5:43245480,DG_14_017
7:22290526,DG_14_018
9:12940137,DG_14_019
2:48747814,DG_14_020
14:13660852,DG_14_021
3:36410191,DG_14_022
1:58435253,DG_14_023
11:13221618,DG_14_024
4:32890845,DG_14_025
2:26246583,DG_14_026
2:26222046,DG_14_027
12:12174740,DG_14_028
12:12171336,DG_14_029
5:2229593,DG_14_030
14:10056720,DG_14_031
14:10096054,DG_14_032
6:6400625,DG_14_033
14:12088515,DG_14_034
14:12065617,DG_14_035
14:12094877,DG_14_036
6:35725108,DG_14_037
14:14028725,DG_14_038
14:21074117,DG_14_039
12:11403380,DG_14_040
14:17400625,DG_14_041
14:21051996,DG_14_042
14:21060090,DG_14_043
14:21057630,DG_14_044
9:6550313,DG_14_045
9:43476381,DG_14_046
8:62065897,DG_14_047
8:62063518,DG_14_048
1:84911357,DG_14_049
12:9331328,DG_14_050
1:84902457,DG_14_051
4:79663415,DG_14_052
1:79447765,DG_14_053
9:4306847,DG_14_054
14:22416301,DG_14_055
9:4291835,DG_14_056
14:22420967,DG_14_057
14:19378885,DG_14_058
6:17879357,DG_14_059
15:2562275,DG_14_060
6:18677532,DG_14_061
6:15775136,DG_14_062
14:19209335,DG_14_063
3:70996262,DG_14_064
12:51244336,DG_14_065
9:1023563,DG_14_066
4:62074954,DG_14_067
12:25275441,DG_14_068
3:74557939,DG_14_069
4:32480365,DG_14_070
5:12016718,DG_14_071
14:23176255,DG_14_072
14:24512898,DG_14_073
14:23171284,DG_14_074
14:23794211,DG_14_075
14:25666760,DG_14_076
14:25714460,DG_14_077
14:25589689,DG_14_078
10:38224588,DG_14_079
6:24245239,DG_14_080
14:5953756,DG_14_081
14:5958081,DG_14_082
12:14853175,DG_14_083
4:9254857,DG_14_084
9:10243107,DG_14_085
14:27997238,DG_14_086
6:25335471,DG_14_087
14:27992926,DG_14_088
4:20817737,DG_14_089
14:28728614,DG_14_090
1:89198236,DG_14_091
14:28560344,DG_14_092
1:37934564,DG_14_093
2:33080463,DG_14_094
2:33074570,DG_14_095
2:33236476,DG_14_096
2:33071008,DG_14_097
2:33230706,DG_14_098
6:10836053,DG_14_099
4:23899238,DG_14_100
6:31586670,DG_14_101
4:23973534,DG_14_102
4:24213702,DG_14_103
9:28679430,DG_14_104
13:3048220,DG_14_105
1:77138921,DG_14_106
12:41530180,DG_14_107
6:33690514,DG_14_108
12:41519256,DG_14_109
1:8802077,DG_14_110
6:33701381,DG_14_111
6:35148762,DG_14_112
4:80541203,DG_14_113
6:36372861,DG_14_114
6:37248899,DG_14_115
6:36392981,DG_14_116
3:4339942,DG_14_117
4:80581359,DG_14_118
3:4395371,DG_14_119
15:20214475,DG_14_120
6:35540092,DG_14_121
9:29079409,DG_14_122
6:37669872,DG_14_123
6:28651169,DG_14_124
14:29799563,DG_14_125
14:29577954,DG_14_126
14:29789819,DG_14_127
14:30139335,DG_14_128
14:29859710,DG_14_129
14:29868234,DG_14_130
11:25385597,DG_14_131
14:29473710,DG_14_132
14:29529560,DG_14_133
8:18838862,DG_14_134
16:5851333,DG_14_135
9:6891625,DG_14_136
9:47296606,DG_14_137
9:47265578,DG_14_138
9:47292607,DG_14_139
9:6888192,DG_14_140
6:39583534,DG_14_141
6:39556358,DG_14_142
1:83534339,DG_14_143
10:623262,DG_15_001
15:952339,DG_15_002
12:25588091,DG_15_003
15:2032615,DG_15_004
1:87502908,DG_15_005
15:1635552,DG_15_006
15:3164473,DG_15_007
7:28140741,DG_15_008
15:3540634,DG_15_009
15:4223921,DG_15_010
2:22467490,DG_15_011
15:4148540,DG_15_012
15:4151672,DG_15_013
15:2204261,DG_15_014
4:36755013,DG_15_015
5:43755021,DG_15_016
15:4065533,DG_15_017
1:87509607,DG_15_018
1:40459361,DG_15_019
1:40468583,DG_15_020
7:3895023,DG_15_021
4:79258761,DG_15_022
10:31712385,DG_15_023
5:38235436,DG_15_024
15:11700211,DG_15_025
7:3943733,DG_15_026
7:10035133,DG_15_027
7:10574490,DG_15_028
7:8229651,DG_15_029
7:10616823,DG_15_030
7:7940080,DG_15_031
7:10794720,DG_15_032
7:10807219,DG_15_033
2:5359544,DG_15_034
13:32430468,DG_15_035
2:5978775,DG_15_036
13:32427492,DG_15_037
13:32414755,DG_15_038
7:5538659,DG_15_039
14:20066868,DG_15_040
2:6058202,DG_15_041
1:42194384,DG_15_042
2:6018727,DG_15_043
14:15041299,DG_15_044
15:21841433,DG_15_045
2:4721935,DG_15_046
14:31801923,DG_15_047
15:6092614,DG_15_048
15:9364386,DG_15_049
15:8149858,DG_15_050
15:6234872,DG_15_051
9:51198591,DG_15_052
8:35881091,DG_15_053
15:10330648,DG_15_054
5:27388378,DG_15_055
15:9962661,DG_15_056
15:10352582,DG_15_057
15:8925598,DG_15_058
15:8723759,DG_15_059
15:11766519,DG_15_060
15:7715776,DG_15_061
15:13386281,DG_15_062
15:12822601,DG_15_063
15:13730182,DG_15_064
15:22033910,DG_15_065
15:13591204,DG_15_066
7:49389992,DG_15_067
15:12653932,DG_15_068
15:29528215,DG_15_069
4:59781115,DG_15_070
4:59796408,DG_15_071
4:59784427,DG_15_072
11:12951583,DG_15_073
15:33135990,DG_15_074
16:26588645,DG_15_075
10:18367752,DG_15_076
8:17454589,DG_15_077
9:48242797,DG_15_078
10:18395662,DG_15_079
15:33145691,DG_15_080
15:33131222,DG_15_081
12:25363843,DG_15_082
10:17987993,DG_15_083
10:18587313,DG_15_084
12:7049090,DG_15_085
15:33148060,DG_15_086
4:28190349,DG_15_087
16:18475675,DG_15_088
12:10133512,DG_15_089
7:36623456,DG_15_090
7:36768330,DG_15_091
15:21105622,DG_15_092
10:6710415,DG_15_093
3:13155717,DG_15_094
7:37742497,DG_15_095
7:37547201,DG_15_096
7:37531607,DG_15_097
15:23255038,DG_15_098
14:699798,DG_15_099
9:36607475,DG_15_100
14:638879,DG_15_101
15:33883398,DG_15_102
5:11384335,DG_15_103
7:44106212,DG_15_104
7:44095720,DG_15_105
3:69343807,DG_15_106
5:45721740,DG_15_107
5:45703425,DG_15_108
2:24856242,DG_15_109
2:24848019,DG_15_110
15:27502867,DG_15_111
15:27511659,DG_15_112
15:27780756,DG_15_113
11:64806331,DG_15_114
15:27772070,DG_15_115
15:28081275,DG_15_116
7:43802327,DG_15_117
15:27776648,DG_15_118
11:64795015,DG_15_119
15:28200285,DG_15_120
15:28507779,DG_15_121
15:28149450,DG_15_122
15:27981306,DG_15_123
15:27368142,DG_15_124
15:27310064,DG_15_125
15:27406148,DG_15_126
7:32919417,DG_15_127
16:33970455,DG_15_128
15:20609746,DG_15_129
16:33965557,DG_15_130
16:33967991,DG_15_131
15:25535165,DG_15_132
3:60041194,DG_15_133
15:25222215,DG_15_134
7:46464726,DG_15_135
7:46523652,DG_15_136
7:49259781,DG_15_137
15:24037828,DG_15_138
15:27903772,DG_15_139
13:17566329,DG_15_140
13:17373204,DG_15_141
12:40786793,DG_15_142
5:33224865,DG_15_143
15:27894811,DG_15_144
10:32652372,DG_15_145
13:17528378,DG_15_146
12:40783749,DG_15_147
15:27901417,DG_15_148
7:52283043,DG_15_149
7:52891289,DG_15_150
13:8661990,DG_15_151
13:17534075,DG_15_152
7:46720810,DG_15_153
13:8670389,DG_15_154
13:8674300,DG_15_155
7:47198944,DG_15_156
7:52801949,DG_15_157
13:8656666,DG_15_158
2:37397275,DG_15_159
15:28774557,DG_15_160
7:47360506,DG_15_161
3:28933122,DG_15_162
16:2283479,DG_16_001
4:70104853,DG_16_002
4:70101705,DG_16_003
4:75167589,DG_16_004
4:75131688,DG_16_005
9:14894643,DG_16_006
16:2979026,DG_16_007
4:75094516,DG_16_008
3:25088064,DG_16_009
16:6561342,DG_16_010
8:10924398,DG_16_011
8:6700645,DG_16_012
8:11193741,DG_16_013
16:4327683,DG_16_014
8:11076677,DG_16_015
16:4333743,DG_16_016
1:44911888,DG_16_017
4:3631745,DG_16_018
4:3587611,DG_16_019
4:3602338,DG_16_020
16:9664615,DG_16_021
5:37395398,DG_16_022
8:3302613,DG_16_023
16:9508199,DG_16_024
16:9471753,DG_16_025
16:7051579,DG_16_026
8:3310584,DG_16_027
9:52806251,DG_16_028
16:7618474,DG_16_029
9:52800422,DG_16_030
16:14910688,DG_16_031
16:9854920,DG_16_032
16:9865881,DG_16_033
16:9894291,DG_16_034
16:24479237,DG_16_035
11:56465675,DG_16_036
16:24488299,DG_16_037
8:3681543,DG_16_038
16:11264065,DG_16_039
7:19446631,DG_16_040
8:3732420,DG_16_041
7:19460364,DG_16_042
16:10297556,DG_16_043
8:3721819,DG_16_044
9:25491470,DG_16_045
16:11954180,DG_16_046
16:12423339,DG_16_047
7:38268899,DG_16_048
16:12390071,DG_16_049
9:38518959,DG_16_050
16:13761181,DG_16_051
16:13803730,DG_16_052
16:13799936,DG_16_053
16:13769221,DG_16_054
16:13775255,DG_16_055
16:8912508,DG_16_056
11:55137749,DG_16_057
7:44771536,DG_16_058
15:21554737,DG_16_059
5:24245835,DG_16_060
15:21552027,DG_16_061
1:25224019,DG_16_062
10:36441807,DG_16_063
5:21547273,DG_16_064
8:13535168,DG_16_065
4:78112277,DG_16_066
1:13834614,DG_16_067
1:13822463,DG_16_068
12:20206887,DG_16_069
14:20481622,DG_16_070
8:14977595,DG_16_071
14:20465265,DG_16_072
14:20415062,DG_16_073
8:14960115,DG_16_074
8:13165488,DG_16_075
14:27320664,DG_16_076
12:48110780,DG_16_077
8:19140045,DG_16_078
13:18523036,DG_16_079
8:18056192,DG_16_080
16:16818329,DG_16_081
8:18160752,DG_16_082
3:72998146,DG_16_083
8:21162270,DG_16_084
16:16788414,DG_16_085
8:27341441,DG_16_086
16:19695506,DG_16_087
16:20293855,DG_16_088
1:17314334,DG_16_089
16:19737514,DG_16_090
16:19683979,DG_16_091
8:21969090,DG_16_092
8:30144324,DG_16_093
16:20302080,DG_16_094
7:50807384,DG_16_095
7:50801528,DG_16_096
8:22002919,DG_16_097
8:27871506,DG_16_098
14:31060200,DG_16_099
7:34181347,DG_16_100
4:72065678,DG_16_101
7:34222220,DG_16_102
14:31082864,DG_16_103
2:6952660,DG_16_104
16:20534046,DG_16_105
16:22982836,DG_16_106
9:39881977,DG_16_107
16:10773002,DG_16_108
9:39873994,DG_16_109
16:22948313,DG_16_110
6:12122487,DG_16_111
9:39861065,DG_16_112
8:41197717,DG_16_113
8:41201240,DG_16_114
16:23857268,DG_16_115
3:54696543,DG_16_116
14:27645525,DG_16_117
16:21290791,DG_16_118
16:22689642,DG_16_119
14:27026188,DG_16_120
16:24583376,DG_16_121
3:4604984,DG_16_122
16:35058866,DG_16_123
14:27029245,DG_16_124
4:58968208,DG_16_125
4:58955253,DG_16_126
16:27053344,DG_16_127
9:2078323,DG_16_128
8:44597872,DG_16_129
6:13101118,DG_16_130
16:29734583,DG_16_131
11:55690319,DG_16_132
11:55680111,DG_16_133
16:3256374,DG_16_134
10:30378449,DG_16_135
11:20172672,DG_16_136
8:50748637,DG_16_137
16:35002786,DG_16_138
16:35682269,DG_16_139
15:5242103,DG_16_140
8:51386439,DG_16_141
15:5307687,DG_16_142
1:11525457,DG_16_143
3:16346453,DG_16_144
16:39521189,DG_16_145
12:47668052,DG_16_146
12:47751016,DG_16_147
9:13212653,DG_16_148
9:13200089,DG_16_149
3:9557110,DG_16_150
8:48795474,DG_16_151
4:4579864,DG_16_152
8:48840017,DG_16_153
3:9611568,DG_16_154
4:4586140,DG_16_155
8:48898936,DG_16_156
4:4138842,DG_16_157
4:4588268,DG_16_158
2:45251368,DG_16_159
8:56671737,DG_16_160
16:41386687,DG_16_161
13:26523243,DG_16_162
4:34653006,DG_16_163
4:34660098,DG_16_164
4:34701832,DG_16_165
4:34698639,DG_16_166
1:92139438,DG_16_167
16:42932282,DG_16_168
16:43109066,DG_16_169
13:3334763,DG_16_170
16:42916017,DG_16_171
8:60929086,DG_16_172
11:55249360,DG_16_173
8:60835900,DG_16_174
3:1301788,DG_16_175
4:10089222,DG_16_176
4:10159639,DG_16_177
4:10116924,DG_16_178
1:51439473,DG_16_179
1:51430002,DG_16_180
1:51528792,DG_16_181
1:51390373,DG_16_182
16:36746910,DG_16_183
16:43917251,DG_16_184
1:33538061,DG_16_185
16:37090506,DG_16_186
16:43905244,DG_16_187
1:33527019,DG_16_188
16:36975721,DG_16_189
16:36991698,DG_16_190
16:37074969,DG_16_191
16:44608548,DG_16_192
16:37011437,DG_16_193
16:45043396,DG_16_194
11:35239657,DG_16_195
16:45205029,DG_16_196
11:35244825,DG_16_197
8:57566227,DG_16_198
8:62760275,DG_16_199
8:57578369,DG_16_200
16:38188891,DG_16_201
16:44094923,DG_16_202
16:44606266,DG_16_203
8:62811229,DG_16_204
8:57621384,DG_16_205
16:42089416,DG_16_206
16:44595057,DG_16_207
16:44116767,DG_16_208
16:44629331,DG_16_209
16:44555183,DG_16_210
1:90870692,DG_16_211
16:44114011,DG_16_212
8:62699736,DG_16_213
11:35268581,DG_16_214
16:44123791,DG_16_215
16:38044950,DG_16_216
16:44059822,DG_16_217
16:38118133,DG_16_218
8:62825665,DG_16_219
16:45237289,DG_16_220