name,LG,cM
SG_1_001,1,0
SG_1_002,1,7.351243
SG_1_003,1,10.755375
SG_1_004,1,11.5555855
SG_1_005,1,12.3588503
SG_1_006,1,16.8544663
SG_1_007,1,20.4645323
SG_1_008,1,21.4990503
SG_1_009,1,22.0229401
SG_1_010,1,22.3152723
SG_1_011,1,22.31530077
SG_1_012,1,23.75800177
SG_1_013,1,25.85598877
SG_1_014,1,27.59430277
SG_1_015,1,28.14865087
SG_1_016,1,29.27879187
SG_1_017,1,29.93071657
SG_1_018,1,30.60542547
SG_1_019,1,31.59744807
SG_1_020,1,37.81874307
SG_1_021,1,40.25901407
SG_1_022,1,40.84835067
SG_1_023,1,42.10051667
SG_1_024,1,42.36452477
SG_1_025,1,42.63303817
SG_1_026,1,42.95082937
SG_1_027,1,43.72145057
SG_1_028,1,44.01536867
SG_1_029,1,46.38823567
SG_1_030,1,47.40876267
SG_1_031,1,47.40954513
SG_1_032,1,48.90953213
SG_1_033,1,49.22686833
SG_1_034,1,49.38232843
SG_1_035,1,51.87825443
SG_1_036,1,54.10836243
SG_1_037,1,54.10839815
SG_1_038,1,54.10843972
SG_1_039,1,55.63618772
SG_1_040,1,59.34455172
SG_1_041,1,60.60351272
SG_1_042,1,62.78175672
SG_1_043,1,63.04697112
SG_1_044,1,63.43397812
SG_1_045,1,64.72268712
SG_1_046,1,67.07182312
SG_1_047,1,68.12174112
SG_1_048,1,68.37939852
SG_1_049,1,68.37942508
SG_1_050,1,72.70657908
SG_1_051,1,79.93997508
SG_1_052,1,82.41553508
SG_1_053,1,85.92517408
SG_1_054,1,90.80023808
SG_1_055,1,94.31075408
SG_1_056,1,94.77307158
SG_1_057,1,95.78945658
SG_1_058,1,103.5879426
SG_1_059,1,116.5207126
SG_1_060,1,118.2653856
SG_1_061,1,119.5125856
SG_1_062,1,119.7689396
SG_1_063,1,119.7689639
SG_1_064,1,121.7219819
SG_1_065,1,122.4770404
SG_1_066,1,127.3683144
SG_1_067,1,128.2300861
SG_1_068,1,129.1568277
SG_1_069,1,131.9701927
SG_1_070,1,132.0328265
SG_1_071,1,137.8942915
SG_1_072,1,141.0614535
SG_1_073,1,142.4092955
SG_1_074,1,143.9983405
SG_1_075,1,144.9902104
SG_1_076,1,144.9960681
SG_1_077,1,145.7608659
SG_1_078,1,146.7879909
SG_1_079,1,147.3111191
SG_1_080,1,150.8520081
SG_1_081,1,153.4482481
SG_1_082,1,156.1812651
SG_1_083,1,159.6819081
SG_1_084,1,163.1082281
SG_1_085,1,169.5283921
SG_1_086,1,172.5558731
SG_1_087,1,174.6008401
SG_1_088,1,174.8647492
SG_1_089,1,175.3898303
SG_1_090,1,176.1826302
SG_1_091,1,176.921341
SG_1_092,1,181.215971
SG_1_093,1,186.037959
SG_1_094,1,190.989452
SG_1_095,1,195.818824
SG_1_096,1,196.1931809
SG_1_097,1,196.9606483
SG_1_098,1,201.1978263
SG_1_099,1,202.1434822
SG_1_100,1,204.2610072
SG_1_101,1,206.9251742
SG_1_102,1,209.5604872
SG_1_103,1,212.5477562
SG_1_104,1,213.6076202
SG_1_105,1,215.1781392
SG_1_106,1,215.9486532
SG_1_107,1,216.2079114
SG_1_108,1,216.4665963
SG_1_109,1,218.5269813
SG_1_110,1,219.8245513
SG_1_111,1,221.4184603
SG_1_112,1,226.8768523
SG_1_113,1,232.1218443
SG_1_114,1,234.3470683
SG_1_115,1,235.1567439
SG_1_116,1,236.7543019
SG_1_117,1,237.2397449
SG_1_118,1,239.2162049
SG_1_119,1,246.6994519
SG_1_120,1,257.0857019
SG_1_121,1,263.5893459
SG_1_122,1,267.3693349
SG_1_123,1,267.9576195
SG_1_124,1,268.5518389
SG_1_125,1,268.830003
SG_1_126,1,270.314054
SG_1_127,1,271.959527
SG_1_128,1,274.533314
SG_1_129,1,278.732486
SG_1_130,1,283.959362
SG_1_131,1,283.9597507
SG_1_132,1,284.3471098
SG_1_133,1,287.2153478
SG_1_134,1,287.8480155
SG_1_135,1,292.4181855
SG_1_136,1,300.5340245
SG_1_137,1,307.2337615
SG_1_138,1,308.5481785
SG_1_139,1,308.8767421
SG_1_140,1,310.7629711
SG_1_141,1,311.7648261
SG_1_142,1,312.8672531
SG_1_143,1,314.2434371
SG_1_144,1,315.8154831
SG_1_145,1,316.4398909
SG_1_146,1,316.896178
SG_1_147,1,317.6600511
SG_1_148,1,319.1418111
SG_1_149,1,321.0819211
SG_1_150,1,325.1244771
SG_1_151,1,328.2694551
SG_1_152,1,333.6994261
SG_1_153,1,337.8708971
SG_1_154,1,345.8832261
SG_1_155,1,355.3831291
SG_1_156,1,357.6634901
SG_1_157,1,360.1107291
SG_1_158,1,362.0847341
SG_1_159,1,366.0271581
SG_1_160,1,368.4294871
SG_1_161,1,373.0590311
SG_1_162,1,373.8842757
SG_1_163,1,374.5273087
SG_1_164,1,375.6748837
SG_1_165,1,376.9938297
SG_1_166,1,377.594224
SG_1_167,1,378.1855646
SG_1_168,1,381.2421816
SG_1_169,1,384.1730606
SG_1_170,1,389.2442296
SG_1_171,1,394.9038616
SG_1_172,1,396.4473656
SG_1_173,1,398.0192826
SG_1_174,1,402.5086506
SG_1_175,1,406.5972506
SG_1_176,1,407.3848494
SG_1_177,1,407.3848752
SG_1_178,1,407.3849023
SG_1_179,1,408.3995953
SG_1_180,1,410.6445273
SG_1_181,1,418.8227383
SG_1_182,1,426.7555623
SG_1_183,1,429.1945533
SG_1_184,1,442.3546833
SG_2_001,2,0
SG_2_002,2,4.78854
SG_2_003,2,5.966195
SG_2_004,2,7.785207
SG_2_005,2,8.915883
SG_2_006,2,11.10139
SG_2_007,2,13.753679
SG_2_008,2,19.489434
SG_2_009,2,22.966531
SG_2_010,2,26.785774
SG_2_011,2,32.635508
SG_2_012,2,35.414487
SG_2_013,2,40.787313
SG_2_014,2,45.493055
SG_2_015,2,49.041315
SG_2_016,2,51.430475
SG_2_017,2,53.213726
SG_2_018,2,53.7325766
SG_2_019,2,53.991738
SG_2_020,2,54.8585189
SG_2_021,2,57.0169979
SG_2_022,2,57.3031141
SG_2_023,2,58.1637224
SG_2_024,2,58.6224732
SG_2_025,2,60.2508812
SG_2_026,2,62.1682342
SG_2_027,2,63.3246712
SG_2_028,2,63.9012332
SG_2_029,2,65.5429332
SG_2_030,2,68.3784892
SG_2_031,2,70.6261842
SG_2_032,2,71.5230892
SG_2_033,2,74.7291312
SG_2_034,2,79.7374242
SG_2_035,2,83.8423802
SG_2_036,2,84.8851562
SG_2_037,2,85.9228752
SG_2_038,2,87.1128452
SG_2_039,2,88.3805952
SG_2_040,2,89.9312722
SG_2_041,2,91.7966332
SG_2_042,2,91.79671854
SG_2_043,2,94.17254054
SG_2_044,2,95.84608054
SG_2_045,2,98.29254554
SG_2_046,2,99.55272454
SG_2_047,2,99.76101994
SG_2_048,2,102.8414289
SG_2_049,2,107.1149629
SG_2_050,2,112.8530849
SG_2_051,2,113.3200953
SG_2_052,2,120.8816153
SG_2_053,2,126.6127703
SG_2_054,2,128.3032113
SG_2_055,2,137.1091583
SG_2_056,2,138.7707023
SG_2_057,2,139.8235333
SG_2_058,2,140.7033534
SG_2_059,2,141.4805205
SG_2_060,2,142.5069935
SG_2_061,2,142.5069958
SG_2_062,2,143.4140016
SG_2_063,2,146.2130386
SG_2_064,2,147.3427986
SG_2_065,2,147.6745981
SG_2_066,2,148.5461354
SG_2_067,2,148.7956541
SG_2_068,2,148.7956598
SG_2_069,2,149.8174968
SG_2_070,2,149.8174977
SG_2_071,2,149.8174986
SG_2_072,2,151.5690666
SG_2_073,2,152.5142488
SG_2_074,2,153.0877329
SG_2_075,2,160.9553409
SG_2_076,2,166.6361889
SG_2_077,2,166.6362792
SG_2_078,2,167.4519895
SG_2_079,2,170.5114835
SG_2_080,2,173.7128725
SG_2_081,2,174.0032453
SG_2_082,2,174.5942102
SG_2_083,2,178.2589742
SG_2_084,2,179.3651402
SG_2_085,2,180.6155332
SG_2_086,2,181.0861012
SG_2_087,2,181.5495123
SG_2_088,2,182.0347202
SG_2_089,2,182.0347213
SG_2_090,2,182.5515546
SG_2_091,2,183.3409921
SG_2_092,2,185.2068031
SG_2_093,2,187.1730761
SG_2_094,2,190.7269151
SG_2_095,2,193.7383831
SG_2_096,2,195.5989281
SG_2_097,2,196.181471
SG_2_098,2,196.46251
SG_2_099,2,199.893881
SG_2_100,2,204.444604
SG_2_101,2,204.4446055
SG_2_102,2,204.7612143
SG_2_103,2,204.7612157
SG_2_104,2,205.5987291
SG_2_105,2,206.7308401
SG_2_106,2,207.9987471
SG_2_107,2,208.3283985
SG_2_108,2,210.5617545
SG_2_109,2,213.5112535
SG_2_110,2,214.8365035
SG_2_111,2,215.570625
SG_2_112,2,216.880635
SG_2_113,2,218.368651
SG_2_114,2,219.3009612
SG_2_115,2,219.587529
SG_2_116,2,222.729547
SG_2_117,2,224.882557
SG_2_118,2,226.145409
SG_2_119,2,231.657452
SG_2_120,2,238.43429
SG_2_121,2,239.90741
SG_2_122,2,239.9074108
SG_2_123,2,240.8282102
SG_2_124,2,241.9781162
SG_2_125,2,246.1826652
SG_3_001,3,0
SG_3_002,3,8.141016
SG_3_003,3,9.989988
SG_3_004,3,13.923576
SG_3_005,3,14.4859827
SG_3_006,3,14.6628221
SG_3_007,3,15.0064758
SG_3_008,3,16.5613128
SG_3_009,3,16.7711171
SG_3_010,3,19.0029601
SG_3_011,3,20.3070111
SG_3_012,3,20.3070111
SG_3_013,3,20.5456808
SG_3_014,3,21.9516708
SG_3_015,3,25.0558228
SG_3_016,3,25.0558228
SG_3_017,3,25.326157
SG_3_018,3,26.085591
SG_3_019,3,27.376542
SG_3_020,3,29.434042
SG_3_021,3,34.080724
SG_3_022,3,36.436166
SG_3_023,3,38.872562
SG_3_024,3,40.042359
SG_3_025,3,41.770337
SG_3_026,3,45.964909
SG_3_027,3,46.2177539
SG_3_028,3,46.2177539
SG_3_029,3,47.7485299
SG_3_030,3,48.2399325
SG_3_031,3,48.5027644
SG_3_032,3,48.5027644
SG_3_033,3,48.5027644
SG_3_034,3,50.4585624
SG_3_035,3,50.9769946
SG_3_036,3,53.3749306
SG_3_037,3,54.4424446
SG_3_038,3,54.7897063
SG_3_039,3,56.0139313
SG_3_040,3,59.0803563
SG_3_041,3,67.8235053
SG_3_042,3,76.3544503
SG_3_043,3,78.3651723
SG_3_044,3,79.8114473
SG_3_045,3,81.0781693
SG_3_046,3,82.1452623
SG_3_047,3,84.0918083
SG_3_048,3,86.9013143
SG_3_049,3,87.9021093
SG_3_050,3,91.6992093
SG_3_051,3,95.8172603
SG_3_052,3,102.2354433
SG_3_053,3,102.470612
SG_3_054,3,103.1546332
SG_3_055,3,107.6904132
SG_4_001,4,0
SG_4_002,4,9.270707
SG_4_003,4,11.407056
SG_4_004,4,14.18073
SG_4_005,4,16.703532
SG_4_006,4,17.047769
SG_4_007,4,17.8640283
SG_4_008,4,18.9445283
SG_4_009,4,21.3297513
SG_4_010,4,23.4168643
SG_4_011,4,27.1376893
SG_4_012,4,27.9992887
SG_4_013,4,29.5419497
SG_4_014,4,32.7136317
SG_4_015,4,34.6442257
SG_4_016,4,37.2597377
SG_4_017,4,40.5338637
SG_4_018,4,43.3657347
SG_4_019,4,43.6791246
SG_4_020,4,43.9315511
SG_4_021,4,44.9157649
SG_4_022,4,45.5027374
SG_4_023,4,45.8975151
SG_4_024,4,45.89817691
SG_4_025,4,48.24834591
SG_4_026,4,50.00489091
SG_4_027,4,50.34254351
SG_4_028,4,50.34269932
SG_4_029,4,52.29585032
SG_4_030,4,53.68398932
SG_4_031,4,54.63727152
SG_4_032,4,56.45156352
SG_4_033,4,57.95932852
SG_4_034,4,58.67445692
SG_4_035,4,59.26114922
SG_4_036,4,62.89934322
SG_4_037,4,65.83483522
SG_4_038,4,67.70208722
SG_4_039,4,68.34504242
SG_4_040,4,69.62788642
SG_4_041,4,69.62801945
SG_4_042,4,69.62815261
SG_4_043,4,69.89003771
SG_4_044,4,71.17900071
SG_4_045,4,71.17914259
SG_4_046,4,71.69207379
SG_4_047,4,73.80461379
SG_4_048,4,74.86633479
SG_4_049,4,75.70643709
SG_4_050,4,75.7073544
SG_4_051,4,77.2572634
SG_4_052,4,77.25756615
SG_4_053,4,78.52866915
SG_4_054,4,84.93813015
SG_4_055,4,94.94338015
SG_4_056,4,98.24371115
SG_4_057,4,99.59152715
SG_4_058,4,101.1425822
SG_4_059,4,101.5024576
SG_4_060,4,104.8163866
SG_4_061,4,107.3099056
SG_4_062,4,117.3657556
SG_4_063,4,127.1714846
SG_4_064,4,128.6789326
SG_4_065,4,132.4302966
SG_4_066,4,136.3556846
SG_4_067,4,137.083185
SG_4_068,4,137.0833275
SG_4_069,4,137.3356413
SG_4_070,4,137.3357752
SG_4_071,4,139.3269952
SG_4_072,4,141.0508442
SG_4_073,4,141.9246112
SG_4_074,4,147.9835142
SG_4_075,4,153.6001972
SG_4_076,4,155.1306732
SG_4_077,4,155.4565811
SG_4_078,4,156.7862391
SG_4_079,4,159.9133401
SG_4_080,4,162.0908471
SG_4_081,4,162.8705165
SG_4_082,4,163.3859708
SG_4_083,4,164.8579148
SG_4_084,4,165.6130529
SG_4_085,4,169.6055529
SG_4_086,4,173.1271249
SG_4_087,4,178.1697949
SG_4_088,4,180.8789859
SG_4_089,4,183.7314809
SG_4_090,4,185.5789629
SG_4_091,4,186.1266123
SG_4_092,4,188.3347523
SG_4_093,4,189.6881223
SG_4_094,4,190.3239866
SG_4_095,4,191.8239066
SG_4_096,4,194.2872046
SG_4_097,4,195.2389679
SG_4_098,4,199.9707079
SG_4_099,4,205.2782399
SG_4_100,4,205.9350259
SG_4_101,4,206.9426319
SG_4_102,4,208.0483569
SG_4_103,4,213.2674859
SG_4_104,4,219.0643899
SG_4_105,4,221.9719349
SG_4_106,4,224.2731769
SG_4_107,4,225.5760939
SG_4_108,4,225.5762705
SG_4_109,4,226.6173685
SG_4_110,4,228.8195455
SG_4_111,4,233.3017215
SG_4_112,4,235.2170115
SG_4_113,4,239.5415715
SG_4_114,4,241.0569835
SG_4_115,4,241.0571254
SG_4_116,4,241.0572588
SG_4_117,4,241.9085507
SG_4_118,4,243.3853037
SG_4_119,4,245.3192457
SG_4_120,4,246.0673013
SG_4_121,4,249.4797903
SG_4_122,4,253.6037213
SG_4_123,4,259.1727243
SG_4_124,4,262.1362483
SG_4_125,4,262.9719514
SG_4_126,4,264.4034524
SG_4_127,4,265.9096974
SG_4_128,4,266.196292
SG_4_129,4,266.4508028
SG_4_130,4,267.2157991
SG_4_131,4,268.0102191
SG_4_132,4,268.5662081
SG_4_133,4,271.2786441
SG_4_134,4,272.3774701
SG_4_135,4,273.6184581
SG_4_136,4,274.9345191
SG_4_137,4,276.3227171
SG_4_138,4,278.7387001
SG_4_139,4,280.2786631
SG_4_140,4,283.0069451
SG_4_141,4,284.1633351
SG_4_142,4,284.1646145
SG_4_143,4,285.2817475
SG_4_144,4,286.3991265
SG_4_145,4,287.3033592
SG_4_146,4,288.0794698
SG_4_147,4,288.5923373
SG_4_148,4,290.0010473
SG_4_149,4,290.3862631
SG_4_150,4,290.3867256
SG_4_151,4,291.1535643
SG_4_152,4,293.6411153
SG_4_153,4,295.0993843
SG_4_154,4,297.0061513
SG_4_155,4,299.3830813
SG_4_156,4,299.8393954
SG_4_157,4,299.8531576
SG_4_158,4,301.8113656
SG_4_159,4,305.1929716
SG_4_160,4,307.2966296
SG_4_161,4,312.8669436
SG_4_162,4,316.9856646
SG_4_163,4,318.2903656
SG_4_164,4,322.3468576
SG_4_165,4,328.6408956
SG_4_166,4,334.8480396
SG_4_167,4,344.1184136
SG_4_168,4,356.1262636
SG_4_169,4,372.3451336
SG_4_170,4,384.3958736
SG_5_001,5,0
SG_5_002,5,5.375720277
SG_5_003,5,7.912248512
SG_5_004,5,9.030316953
SG_5_005,5,10.95682488
SG_5_006,5,11.21054513
SG_5_007,5,11.21269811
SG_5_008,5,14.4721326
SG_5_009,5,16.25496711
SG_5_010,5,17.23321085
SG_5_011,5,19.70713189
SG_5_012,5,21.72855268
SG_5_013,5,22.02210018
SG_5_014,5,22.39739489
SG_5_015,5,22.39989184
SG_5_016,5,25.53124308
SG_5_017,5,27.2108699
SG_5_018,5,27.86275887
SG_5_019,5,28.37932855
SG_5_020,5,30.5128827
SG_5_021,5,32.32230483
SG_5_022,5,33.51252399
SG_5_023,5,34.74768499
SG_5_024,5,34.7774885
SG_5_025,5,35.09656404
SG_5_026,5,39.15913598
SG_5_027,5,46.11479605
SG_5_028,5,51.00707295
SG_5_029,5,53.19502836
SG_5_030,5,57.85905704
SG_5_031,5,62.8028159
SG_5_032,5,64.40679674
SG_5_033,5,70.85771579
SG_5_034,5,78.7550081
SG_5_035,5,80.12215046
SG_5_036,5,84.01519142
SG_5_037,5,88.60496394
SG_5_038,5,89.66039908
SG_5_039,5,92.86774952
SG_5_040,5,94.71263188
SG_5_041,5,95.96836243
SG_5_042,5,104.1202127
SG_5_043,5,110.3943292
SG_5_044,5,114.0670277
SG_5_045,5,121.3108934
SG_5_046,5,128.4764071
SG_5_047,5,132.312668
SG_5_048,5,134.1181567
SG_5_049,5,134.1206694
SG_5_050,5,134.1227956
SG_5_051,5,134.3401227
SG_5_052,5,134.34461
SG_5_053,5,136.6156501
SG_5_054,5,140.0319385
SG_5_055,5,144.3173307
SG_5_056,5,149.2270262
SG_5_057,5,154.595759
SG_5_058,5,162.0824972
SG_5_059,5,163.509814
SG_5_060,5,168.2828521
SG_5_061,5,176.6193201
SG_5_062,5,185.1736256
SG_5_063,5,191.2652269
SG_5_064,5,192.781681
SG_5_065,5,193.9658411
SG_5_066,5,197.6969222
SG_5_067,5,200.4881265
SG_5_068,5,201.0803788
SG_5_069,5,204.260974
SG_5_070,5,207.2566819
SG_5_071,5,208.8803984
SG_5_072,5,208.8883014
SG_5_073,5,210.2259144
SG_5_074,5,212.0579328
SG_5_075,5,214.6095923
SG_5_076,5,215.6672054
SG_5_077,5,217.1404879
SG_5_078,5,226.1637147
SG_5_079,5,233.8903753
SG_5_080,5,242.8999176
SG_5_081,5,248.6897161
SG_5_082,5,252.3609162
SG_5_083,5,253.5849898
SG_5_084,5,256.6783231
SG_5_085,5,259.2442479
SG_5_086,5,260.1477141
SG_5_087,5,260.6766247
SG_5_088,5,263.5393564
SG_5_089,5,264.4988093
SG_5_090,5,266.649104
SG_5_091,5,269.3999854
SG_5_092,5,270.1657853
SG_5_093,5,270.3971774
SG_5_094,5,271.5611576
SG_5_095,5,273.1284809
SG_5_096,5,285.2927282
SG_5_097,5,294.340458
SG_5_098,5,296.6860247
SG_5_099,5,298.2902706
SG_5_100,5,299.3079776
SG_5_101,5,303.2551397
SG_5_102,5,306.6252594
SG_5_103,5,308.8103089
SG_5_104,5,312.5198694
SG_5_105,5,313.5980503
SG_5_106,5,314.9990809
SG_5_107,5,316.9134649
SG_5_108,5,318.7658744
SG_5_109,5,320.2581053
SG_5_110,5,321.5393126
SG_5_111,5,322.1883966
SG_5_112,5,325.0138271
SG_5_113,5,327.4950614
SG_5_114,5,328.939899
SG_5_115,5,329.5868789
SG_5_116,5,329.5898273
SG_5_117,5,330.2126752
SG_5_118,5,332.8866109
SG_5_119,5,336.2425454
SG_5_120,5,340.1095141
SG_5_121,5,346.1853914
SG_5_122,5,360.5712476
SG_6_001,6,0
SG_6_002,6,13.53752006
SG_6_003,6,23.15521415
SG_6_004,6,29.68941042
SG_6_005,6,31.77693604
SG_6_006,6,32.82493488
SG_6_007,6,35.27007451
SG_6_008,6,35.64219345
SG_6_009,6,36.86585166
SG_6_010,6,38.08208265
SG_6_011,6,38.2643649
SG_6_012,6,44.36892566
SG_6_013,6,48.42283666
SG_6_014,6,52.46724277
SG_6_015,6,55.38458251
SG_6_016,6,57.10814257
SG_6_017,6,60.6206064
SG_6_018,6,62.8651341
SG_6_019,6,68.53103535
SG_6_020,6,75.22157249
SG_6_021,6,76.80271598
SG_6_022,6,76.81178152
SG_6_023,6,81.29724838
SG_6_024,6,86.83269806
SG_6_025,6,90.17997417
SG_6_026,6,92.32848256
SG_6_027,6,94.30632937
SG_6_028,6,95.14647567
SG_6_029,6,95.16405568
SG_6_030,6,98.2896693
SG_6_031,6,100.20817
SG_6_032,6,101.7962297
SG_6_033,6,105.057715
SG_6_034,6,108.675386
SG_6_035,6,113.6701092
SG_6_036,6,115.248354
SG_6_037,6,123.3918244
SG_6_038,6,125.9812733
SG_6_039,6,130.0035443
SG_6_040,6,134.0736087
SG_6_041,6,137.559777
SG_6_042,6,137.6417582
SG_6_043,6,139.8791472
SG_6_044,6,140.859802
SG_6_045,6,141.4148007
SG_6_046,6,143.8663167
SG_6_047,6,144.2600167
SG_6_048,6,148.4997329
SG_6_049,6,152.9738563
SG_6_050,6,157.9972997
SG_6_051,6,162.8991679
SG_6_052,6,164.8427041
SG_6_053,6,165.1027761
SG_6_054,6,166.0636152
SG_6_055,6,166.7536574
SG_6_056,6,167.6826985
SG_6_057,6,169.8325828
SG_6_058,6,174.4804404
SG_6_059,6,179.3730189
SG_6_060,6,186.5343065
SG_6_061,6,190.035078
SG_6_062,6,192.0976125
SG_6_063,6,195.4866273
SG_6_064,6,199.1631212
SG_6_065,6,203.6104535
SG_6_066,6,205.2958782
SG_6_067,6,206.5072064
SG_6_068,6,207.8264736
SG_6_069,6,212.79679
SG_6_070,6,215.0716015
SG_6_071,6,215.5071764
SG_6_072,6,216.3738866
SG_6_073,6,218.2946123
SG_6_074,6,224.353036
SG_6_075,6,231.2486267
SG_6_076,6,233.6596308
SG_6_077,6,234.2024356
SG_6_078,6,234.7796791
SG_6_079,6,235.0773106
SG_6_080,6,237.9854112
SG_6_081,6,241.231574
SG_6_082,6,246.5229446
SG_6_083,6,251.8768614
SG_6_084,6,254.3962201
SG_6_085,6,254.3990753
SG_6_086,6,255.8056312
SG_6_087,6,256.6722132
SG_6_088,6,257.5578382
SG_6_089,6,261.4249413
SG_6_090,6,262.9215675
SG_6_091,6,263.5066296
SG_6_092,6,265.1623258
SG_6_093,6,267.8387623
SG_6_094,6,271.0578386
SG_6_095,6,274.3555865
SG_6_096,6,274.9747664
SG_6_097,6,275.9681456
SG_6_098,6,275.9711057
SG_6_099,6,280.0268386
SG_6_100,6,284.4436653
SG_6_101,6,285.1892183
SG_6_102,6,288.1092371
SG_6_103,6,291.1932282
SG_6_104,6,293.0451405
SG_6_105,6,294.3392761
SG_6_106,6,294.434773
SG_6_107,6,298.4206894
SG_6_108,6,305.2193822
SG_6_109,6,312.0664235
SG_6_110,6,315.3281455
SG_6_111,6,318.6276566
SG_6_112,6,324.2476213
SG_6_113,6,327.9484856
SG_6_114,6,331.1991372
SG_6_115,6,334.3264017
SG_6_116,6,335.8100044
SG_6_117,6,338.2192013
SG_6_118,6,342.1132855
SG_6_119,6,344.2082271
SG_6_120,6,344.5318222
SG_6_121,6,345.8112173
SG_6_122,6,346.7307303
SG_6_123,6,347.715879
SG_6_124,6,349.4331937
SG_6_125,6,351.5477925
SG_6_126,6,352.6564605
SG_6_127,6,353.8399574
SG_6_128,6,356.8829429
SG_6_129,6,360.7537141
SG_6_130,6,366.6695596
SG_6_131,6,374.3373173
SG_6_132,6,375.9343777
SG_6_133,6,378.7891528
SG_6_134,6,381.556636
SG_6_135,6,397.6903229
SG_6_136,6,411.9348734
SG_6_137,6,416.3620729
SG_6_138,6,421.0837919
SG_6_139,6,422.7847591
SG_6_140,6,429.4052275
SG_6_141,6,436.125595
SG_6_142,6,439.999432
SG_6_143,6,442.907697
SG_6_144,6,443.4201964
SG_6_145,6,445.7673915
SG_6_146,6,446.7571323
SG_6_147,6,448.8067661
SG_6_148,6,453.1514769
SG_6_149,6,455.5836098
SG_6_150,6,457.2196332
SG_6_151,6,462.709475
SG_7_001,7,0
SG_7_002,7,10.99372
SG_7_003,7,16.708912
SG_7_004,7,20.150428
SG_7_005,7,26.248536
SG_7_006,7,30.118663
SG_7_007,7,36.610184
SG_7_008,7,38.973174
SG_7_009,7,40.810533
SG_7_010,7,41.2132781
SG_7_011,7,43.5140391
SG_7_012,7,45.5157841
SG_7_013,7,47.0528671
SG_7_014,7,48.7691211
SG_7_015,7,51.5783291
SG_7_016,7,54.1845451
SG_7_017,7,55.9604841
SG_7_018,7,58.1108521
SG_7_019,7,58.1108521
SG_7_020,7,61.7097401
SG_7_021,7,67.2974511
SG_7_022,7,68.6700001
SG_7_023,7,70.5550511
SG_7_024,7,74.3453971
SG_7_025,7,79.0047431
SG_7_026,7,87.0049481
SG_7_027,7,99.3523981
SG_7_028,7,103.9079181
SG_7_029,7,105.2661871
SG_7_030,7,107.2063171
SG_7_031,7,108.1702156
SG_7_032,7,111.3315576
SG_7_033,7,117.7446046
SG_7_034,7,118.6089336
SG_7_035,7,123.7221866
SG_7_036,7,124.1865973
SG_7_037,7,126.8514043
SG_7_038,7,128.5875143
SG_7_039,7,131.7262063
SG_7_040,7,133.6392573
SG_7_041,7,138.3793673
SG_7_042,7,149.8193973
SG_7_043,7,160.2685973
SG_7_044,7,161.7684623
SG_7_045,7,163.8073743
SG_7_046,7,165.2968223
SG_7_047,7,166.3299663
SG_7_048,7,167.3920063
SG_7_049,7,168.1889743
SG_7_050,7,171.1199833
SG_7_051,7,172.1868123
SG_7_052,7,176.0997993
SG_7_053,7,176.0997993
SG_7_054,7,176.3693724
SG_7_055,7,177.3742524
SG_7_056,7,179.6322524
SG_7_057,7,184.6994834
SG_7_058,7,190.7727924
SG_7_059,7,196.8618834
SG_7_060,7,203.1708274
SG_8_001,8,0
SG_8_002,8,14.99707
SG_8_003,8,15.0020649
SG_8_004,8,19.9832939
SG_8_005,8,22.7122049
SG_8_006,8,22.71234007
SG_8_007,8,23.03197197
SG_8_008,8,23.47456997
SG_8_009,8,23.47470269
SG_8_010,8,23.76270049
SG_8_011,8,29.02766249
SG_8_012,8,32.88460349
SG_8_013,8,34.68428749
SG_8_014,8,36.46434649
SG_8_015,8,39.11969449
SG_8_016,8,42.59411249
SG_8_017,8,44.63400949
SG_8_018,8,47.48292749
SG_8_019,8,50.37301549
SG_8_020,8,54.19623749
SG_8_021,8,54.42712839
SG_8_022,8,54.43128685
SG_8_023,8,54.99305895
SG_8_024,8,54.99332654
SG_8_025,8,56.90969854
SG_8_026,8,63.38155254
SG_8_027,8,71.00264054
SG_8_028,8,76.49954654
SG_8_029,8,81.72249054
SG_8_030,8,86.40468154
SG_8_031,8,91.11960754
SG_8_032,8,98.65304854
SG_8_033,8,101.5534375
SG_8_034,8,102.4926414
SG_8_035,8,102.8294042
SG_8_036,8,103.8509372
SG_8_037,8,105.3670892
SG_8_038,8,106.0727067
SG_8_039,8,109.5912677
SG_8_040,8,117.3414847
SG_8_041,8,125.8401117
SG_8_042,8,133.4476807
SG_8_043,8,139.7070787
SG_8_044,8,140.9513967
SG_8_045,8,143.9387117
SG_8_046,8,147.5434927
SG_8_047,8,150.3641497
SG_8_048,8,163.1028797
SG_8_049,8,175.4475897
SG_8_050,8,183.8943097
SG_8_051,8,192.3001307
SG_8_052,8,194.4727547
SG_8_053,8,197.4602917
SG_8_054,8,199.5188457
SG_8_055,8,199.5342731
SG_8_056,8,203.7933601
SG_8_057,8,207.0040231
SG_8_058,8,207.7865826
SG_8_059,8,208.9226706
SG_8_060,8,209.6147459
SG_8_061,8,212.9364719
SG_8_062,8,216.2581999
SG_8_063,8,216.2583132
SG_8_064,8,218.6650792
SG_8_065,8,219.9548062
SG_8_066,8,221.2446452
SG_8_067,8,227.8069952
SG_8_068,8,235.4486712
SG_8_069,8,240.0297962
SG_8_070,8,244.2200642
SG_8_071,8,248.1329882
SG_8_072,8,251.1648692
SG_8_073,8,254.8083702
SG_8_074,8,262.0397712
SG_8_075,8,273.2584712
SG_8_076,8,280.6941912
SG_8_077,8,281.6480808
SG_8_078,8,282.9481898
SG_8_079,8,283.3013359
SG_8_080,8,283.5618365
SG_8_081,8,283.5645943
SG_8_082,8,287.3897063
SG_8_083,8,293.7065743
SG_8_084,8,294.9257573
SG_8_085,8,295.3518328
SG_8_086,8,296.2244979
SG_8_087,8,296.4949015
SG_8_088,8,296.4991542
SG_8_089,8,297.7658062
SG_8_090,8,302.1898442
SG_8_091,8,304.3494852
SG_8_092,8,305.9192402
SG_8_093,8,312.7602732
SG_8_094,8,321.2200422
SG_8_095,8,327.2950872
SG_8_096,8,333.1713622
SG_8_097,8,333.1718202
SG_8_098,8,335.1498112
SG_8_099,8,337.6013152
SG_8_100,8,342.1907432
SG_8_101,8,344.2162702
SG_8_102,8,344.2166795
SG_8_103,8,347.1317365
SG_8_104,8,364.1744765
SG_8_105,8,382.3792465
SG_8_106,8,386.5823335
SG_8_107,8,393.3429205
SG_8_108,8,402.8806725
SG_8_109,8,411.9685085
SG_8_110,8,419.5765265
SG_8_111,8,429.3419295
SG_8_112,8,435.4709515
SG_8_113,8,437.4810215
SG_8_114,8,437.4812668
SG_8_115,8,438.9315608
SG_8_116,8,440.0767638
SG_8_117,8,440.3647694
SG_8_118,8,440.6231605
SG_8_119,8,441.3804501
SG_8_120,8,441.8883205
SG_8_121,8,441.8885248
SG_8_122,8,444.4349488
SG_8_123,8,449.8237568
SG_8_124,8,453.4617218
SG_8_125,8,459.4545078
SG_8_126,8,464.6980518
SG_8_127,8,465.4563731
SG_8_128,8,466.7184131
SG_8_129,8,467.4209625
SG_8_130,8,468.3387761
SG_8_131,8,468.6425044
SG_8_132,8,469.4822605
SG_8_133,8,470.1311023
SG_8_134,8,472.6091083
SG_8_135,8,474.2410533
SG_8_136,8,478.6779773
SG_8_137,8,484.0594683
SG_8_138,8,487.1891423
SG_8_139,8,487.6340539
SG_8_140,8,491.0099199
SG_8_141,8,491.2687407
SG_8_142,8,491.5317307
SG_8_143,8,491.809424
SG_8_144,8,492.5901464
SG_8_145,8,493.03062
SG_8_146,8,495.177067
SG_8_147,8,497.668138
SG_8_148,8,502.344929
SG_8_149,8,505.658548
SG_8_150,8,506.0342188
SG_8_151,8,506.8130994
SG_8_152,8,507.2849203
SG_8_153,8,507.2850752
SG_8_154,8,507.5186432
SG_8_155,8,508.2430137
SG_8_156,8,508.8344716
SG_8_157,8,510.0835926
SG_8_158,8,512.7558696
SG_8_159,8,515.5045136
SG_8_160,8,519.4429566
SG_8_161,8,522.5228906
SG_8_162,8,525.7727306
SG_8_163,8,527.6344406
SG_8_164,8,529.6995496
SG_8_165,8,530.3222132
SG_8_166,8,530.5760157
SG_8_167,8,532.8750897
SG_8_168,8,538.3263807
SG_8_169,8,549.1079607
SG_8_170,8,556.1699027
SG_8_171,8,560.6038807
SG_8_172,8,561.3364604
SG_8_173,8,561.3367628
SG_8_174,8,561.9290529
SG_8_175,8,568.6200669
SG_8_176,8,578.1487259
SG_8_177,8,585.2685349
SG_8_178,8,593.8588579
SG_9_001,9,0
SG_9_002,9,2.678191
SG_9_003,9,2.678191106
SG_9_004,9,2.678191183
SG_9_005,9,6.960674183
SG_9_006,9,8.001005183
SG_9_007,9,10.15607818
SG_9_008,9,12.50808218
SG_9_009,9,13.07438218
SG_9_010,9,14.61957618
SG_9_011,9,14.61957936
SG_9_012,9,17.76324736
SG_9_013,9,20.51916336
SG_9_014,9,22.10836236
SG_9_015,9,22.88295186
SG_9_016,9,23.57375186
SG_9_017,9,23.94622116
SG_9_018,9,26.40450316
SG_9_019,9,31.09526716
SG_9_020,9,35.75357516
SG_9_021,9,36.03668776
SG_9_022,9,36.28472136
SG_9_023,9,36.28472202
SG_9_024,9,38.26958302
SG_9_025,9,38.90416502
SG_9_026,9,42.99690602
SG_9_027,9,46.04868902
SG_9_028,9,46.84695562
SG_9_029,9,50.60257662
SG_9_030,9,56.39584562
SG_9_031,9,61.77366362
SG_9_032,9,62.93727262
SG_9_033,9,65.19319262
SG_9_034,9,68.52694462
SG_9_035,9,72.65174462
SG_9_036,9,79.49026162
SG_9_037,9,85.17162262
SG_9_038,9,95.68806262
SG_9_039,9,108.1699026
SG_9_040,9,115.4048096
SG_9_041,9,122.2360696
SG_9_042,9,127.2362806
SG_9_043,9,129.4711846
SG_9_044,9,131.0139256
SG_9_045,9,137.5131736
SG_9_046,9,144.1108856
SG_9_047,9,149.1669526
SG_9_048,9,156.4722876
SG_9_049,9,161.8008396
SG_9_050,9,163.3456626
SG_9_051,9,168.3754116
SG_9_052,9,172.7787706
SG_9_053,9,177.1222656
SG_9_054,9,181.6947446
SG_9_055,9,181.9069759
SG_9_056,9,182.1672033
SG_9_057,9,185.9288733
SG_9_058,9,188.1592613
SG_9_059,9,189.1872953
SG_9_060,9,189.4411873
SG_9_061,9,193.3403283
SG_9_062,9,196.6332533
SG_9_063,9,197.8978983
SG_9_064,9,198.3810694
SG_9_065,9,198.3810695
SG_9_066,9,198.3810697
SG_9_067,9,201.8992947
SG_9_068,9,202.7303079
SG_9_069,9,203.9425759
SG_9_070,9,205.2695779
SG_9_071,9,205.2695796
SG_9_072,9,205.6075667
SG_9_073,9,207.6567587
SG_9_074,9,208.211437
SG_9_075,9,208.9105448
SG_9_076,9,209.4034875
SG_9_077,9,209.7139295
SG_9_078,9,210.2094982
SG_9_079,9,210.6835977
SG_9_080,9,211.6141063
SG_9_081,9,213.5748993
SG_9_082,9,213.8627325
SG_9_083,9,214.3348808
SG_9_084,9,215.6625608
SG_9_085,9,216.4704738
SG_9_086,9,216.9045455
SG_9_087,9,222.5576205
SG_9_088,9,228.6090725
SG_9_089,9,235.4889405
SG_9_090,9,237.3707015
SG_9_091,9,248.7669115
SG_9_092,9,261.4293815
SG_9_093,9,264.2777715
SG_9_094,9,269.6992695
SG_9_095,9,273.4960885
SG_9_096,9,275.1810395
SG_9_097,9,279.0303455
SG_9_098,9,282.9935285
SG_9_099,9,285.1011335
SG_9_100,9,286.1592415
SG_9_101,9,288.3239825
SG_9_102,9,290.4891225
SG_9_103,9,292.1849335
SG_9_104,9,298.9622985
SG_9_105,9,306.7386885
SG_9_106,9,311.0185105
SG_9_107,9,315.7286895
SG_9_108,9,316.9880355
SG_9_109,9,318.5245985
SG_9_110,9,319.6069055
SG_9_111,9,320.8890025
SG_9_112,9,321.3391997
SG_9_113,9,321.5914686
SG_9_114,9,321.8877675
SG_9_115,9,324.8439185
SG_9_116,9,325.6322104
SG_9_117,9,325.9213551
SG_9_118,9,326.9678021
SG_9_119,9,327.5341155
SG_9_120,9,328.6933295
SG_9_121,9,330.3111425
SG_9_122,9,330.3111426
SG_9_123,9,330.3111465
SG_9_124,9,330.3711721
SG_9_125,9,330.3711722
SG_9_126,9,330.8512471
SG_9_127,9,331.3280021
SG_9_128,9,333.3830831
SG_9_129,9,333.8704864
SG_9_130,9,334.3774057
SG_9_131,9,334.3774058
SG_9_132,9,337.9818788
SG_9_133,9,339.9166208
SG_9_134,9,340.2192778
SG_9_135,9,340.3368451
SG_9_136,9,340.6377489
SG_9_137,9,341.6918639
SG_9_138,9,342.8593139
SG_9_139,9,342.8593139
SG_9_140,9,342.859314
SG_9_141,9,343.1152964
SG_9_142,9,343.369486
SG_9_143,9,343.6113203
SG_9_144,9,344.1191713
SG_9_145,9,344.9031737
SG_9_146,9,345.1763389
SG_9_147,9,345.1763389
SG_9_148,9,346.2265979
SG_9_149,9,347.9786409
SG_9_150,9,350.0967269
SG_9_151,9,351.8874129
SG_9_152,9,352.8580616
SG_9_153,9,353.2879461
SG_9_154,9,353.7274836
SG_9_155,9,353.7274837
SG_9_156,9,354.0027097
SG_9_157,9,355.8792227
SG_9_158,9,357.6694437
SG_9_159,9,359.4233827
SG_9_160,9,360.7436297
SG_9_161,9,363.2963987
SG_9_162,9,365.0539437
SG_9_163,9,367.9748727
SG_9_164,9,372.2586547
SG_9_165,9,374.3363977
SG_9_166,9,377.4714847
SG_9_167,9,380.4620997
SG_9_168,9,382.9843237
SG_9_169,9,383.602255
SG_9_170,9,386.755835
SG_9_171,9,388.279053
SG_9_172,9,389.1998295
SG_9_173,9,390.9132775
SG_9_174,9,393.0072085
SG_9_175,9,396.3456185
SG_9_176,9,396.973734
SG_9_177,9,397.7918546
SG_9_178,9,400.6370296
SG_9_179,9,403.3218326
SG_9_180,9,404.8383936
SG_9_181,9,407.1829726
SG_9_182,9,411.9541726
SG_9_183,9,417.7191646
SG_9_184,9,418.0464649
SG_9_185,9,422.4124609
SG_9_186,9,428.8527099
SG_9_187,9,433.0736669
SG_9_188,9,439.6243529
SG_9_189,9,444.5574409
SG_9_190,9,448.4134419
SG_10_001,10,0
SG_10_002,10,0.6665018
SG_10_003,10,0.9175364
SG_10_004,10,1.7104296
SG_10_005,10,5.8039106
SG_10_006,10,9.1702106
SG_10_007,10,10.4777256
SG_10_008,10,11.7751386
SG_10_009,10,13.3681426
SG_10_010,10,13.6972212
SG_10_011,10,13.9523958
SG_10_012,10,15.7055028
SG_10_013,10,16.1598768
SG_10_014,10,16.9264168
SG_10_015,10,18.3120658
SG_10_016,10,19.6773878
SG_10_017,10,21.1485228
SG_10_018,10,22.9000608
SG_10_019,10,24.3624528
SG_10_020,10,25.7029158
SG_10_021,10,31.0938168
SG_10_022,10,36.5148838
SG_10_023,10,37.5616558
SG_10_024,10,39.0427088
SG_10_025,10,40.6660538
SG_10_026,10,41.4461116
SG_10_027,10,43.1205576
SG_10_028,10,43.4354709
SG_10_029,10,45.4657159
SG_10_030,10,49.2576229
SG_10_031,10,51.2441209
SG_10_032,10,53.5770079
SG_10_033,10,54.4146967
SG_10_034,10,54.4146967
SG_10_035,10,54.8385375
SG_10_036,10,55.7316001
SG_10_037,10,56.5319664
SG_10_038,10,57.6262394
SG_10_039,10,58.7228594
SG_10_040,10,60.0800744
SG_10_041,10,61.3361474
SG_10_042,10,62.5227474
SG_10_043,10,62.8249309
SG_10_044,10,64.4857309
SG_10_045,10,66.2825989
SG_10_046,10,69.1664809
SG_10_047,10,70.2025879
SG_10_048,10,73.2406199
SG_10_049,10,74.8168939
SG_10_050,10,75.1849843
SG_10_051,10,75.6729155
SG_10_052,10,76.3070461
SG_10_053,10,80.0394411
SG_10_054,10,83.0476961
SG_10_055,10,83.5101941
SG_10_056,10,88.7532791
SG_10_057,10,88.9874085
SG_10_058,10,89.4400485
SG_10_059,10,92.5725805
SG_10_060,10,97.1111245
SG_10_061,10,97.1111245
SG_10_062,10,97.3689944
SG_10_063,10,98.6128894
SG_10_064,10,99.8581954
SG_10_065,10,100.1132812
SG_10_066,10,100.1132812
SG_10_067,10,100.6423053
SG_10_068,10,102.4288703
SG_10_069,10,104.3416033
SG_10_070,10,108.6635943
SG_10_071,10,109.1608494
SG_10_072,10,109.1608494
SG_10_073,10,113.0716254
SG_10_074,10,116.8056674
SG_10_075,10,117.9866584
SG_10_076,10,121.5802474
SG_10_077,10,124.3751014
SG_10_078,10,130.8235594
SG_10_079,10,137.7040794
SG_10_080,10,143.6936364
SG_10_081,10,144.7863234
SG_10_082,10,146.1615024
SG_10_083,10,148.8920114
SG_10_084,10,148.8920114
SG_10_085,10,148.8920114
SG_10_086,10,151.1117984
SG_10_087,10,152.2464234
SG_10_088,10,152.6117204
SG_10_089,10,154.7319914
SG_10_090,10,155.8076184
SG_10_091,10,159.0316984
SG_10_092,10,159.9800858
SG_10_093,10,160.6439293
SG_10_094,10,161.9980733
SG_10_095,10,163.7161653
SG_10_096,10,164.6073841
SG_10_097,10,165.4528371
SG_10_098,10,166.6547131
SG_10_099,10,167.2258796
SG_10_100,10,167.4727333
SG_10_101,10,167.8238587
SG_10_102,10,169.0171137
SG_10_103,10,169.5116619
SG_10_104,10,173.5172969
SG_10_105,10,176.6427079
SG_10_106,10,177.6152517
SG_10_107,10,178.5913002
SG_10_108,10,179.4246087
SG_10_109,10,180.3784796
SG_10_110,10,182.1446586
SG_10_111,10,186.2344306
SG_10_112,10,191.3908506
SG_10_113,10,194.3950256
SG_10_114,10,197.3916136
SG_10_115,10,208.4866736
SG_10_116,10,222.6422736
SG_10_117,10,225.1269366
SG_10_118,10,227.1166486
SG_10_119,10,229.7378786
SG_10_120,10,233.8006606
SG_11_001,11,0
SG_11_002,11,3.249132
SG_11_003,11,5.289898
SG_11_004,11,6.624451
SG_11_005,11,15.839543
SG_11_006,11,23.540229
SG_11_007,11,25.689733
SG_11_008,11,26.6781697
SG_11_009,11,28.8385837
SG_11_010,11,31.4976587
SG_11_011,11,33.7528577
SG_11_012,11,34.0238555
SG_11_013,11,35.1881925
SG_11_014,11,35.5979448
SG_11_015,11,39.2794578
SG_11_016,11,44.1982898
SG_11_017,11,45.6320428
SG_11_018,11,48.0896738
SG_11_019,11,54.3092778
SG_11_020,11,55.3703678
SG_11_021,11,60.1152348
SG_11_022,11,64.0201078
SG_11_023,11,73.3389418
SG_11_024,11,82.7325918
SG_11_025,11,89.8067568
SG_11_026,11,89.80717018
SG_11_027,11,89.8075796
SG_11_028,11,89.80798671
SG_11_029,11,91.68658871
SG_11_030,11,92.82285871
SG_11_031,11,94.75708071
SG_11_032,11,94.75748992
SG_11_033,11,95.00858942
SG_11_034,11,96.44281542
SG_11_035,11,97.16322672
SG_11_036,11,97.73568242
SG_11_037,11,98.80139142
SG_11_038,11,100.4518754
SG_11_039,11,104.6796994
SG_11_040,11,107.2068544
SG_11_041,11,113.0487904
SG_11_042,11,116.5799904
SG_11_043,11,116.7767135
SG_11_044,11,118.1247615
SG_11_045,11,122.5903295
SG_11_046,11,131.0423615
SG_11_047,11,137.6649535
SG_11_048,11,138.1425707
SG_11_049,11,139.9180047
SG_11_050,11,142.8563427
SG_11_051,11,144.1484147
SG_11_052,11,145.7034017
SG_11_053,11,147.4832837
SG_11_054,11,148.3174523
SG_11_055,11,149.3251293
SG_11_056,11,149.3257348
SG_11_057,11,149.4639444
SG_11_058,11,150.7563844
SG_11_059,11,151.7254827
SG_11_060,11,153.6995997
SG_11_061,11,155.7226157
SG_11_062,11,159.5011797
SG_11_063,11,162.9312867
SG_11_064,11,163.8557831
SG_11_065,11,164.6754344
SG_11_066,11,165.2767395
SG_11_067,11,167.1649435
SG_11_068,11,167.1652984
SG_11_069,11,167.4765975
SG_11_070,11,168.8022195
SG_11_071,11,171.0977075
SG_11_072,11,172.8428425
SG_11_073,11,173.3037766
SG_11_074,11,173.5508904
SG_11_075,11,173.9578022
SG_11_076,11,174.6260714
SG_11_077,11,176.0947934
SG_11_078,11,177.1824394
SG_11_079,11,177.3850766
SG_11_080,11,177.6931055
SG_11_081,11,178.7814735
SG_11_082,11,180.7876205
SG_11_083,11,183.1096035
SG_11_084,11,183.4983464
SG_11_085,11,183.4987698
SG_11_086,11,183.7267186
SG_11_087,11,184.0512065
SG_11_088,11,185.2924085
SG_11_089,11,189.5068885
SG_11_090,11,193.6684525
SG_11_091,11,195.1241235
SG_11_092,11,196.6729775
SG_11_093,11,196.6734778
SG_11_094,11,196.6751041
SG_11_095,11,197.021959
SG_11_096,11,198.645985
SG_11_097,11,200.255569
SG_11_098,11,201.470445
SG_11_099,11,201.7595759
SG_11_100,11,202.7700079
SG_11_101,11,203.8875349
SG_11_102,11,204.5429854
SG_11_103,11,210.9810364
SG_11_104,11,216.3775954
SG_11_105,11,218.6199834
SG_11_106,11,224.3399394
SG_11_107,11,230.3480834
SG_11_108,11,234.5940684
SG_11_109,11,242.8864354
SG_11_110,11,252.0165364
SG_11_111,11,257.7444244
SG_11_112,11,257.9807467
SG_11_113,11,258.9888167
SG_11_114,11,260.5198217
SG_11_115,11,260.520432
SG_11_116,11,260.7728564
SG_11_117,11,261.5475321
SG_11_118,11,262.5862291
SG_11_119,11,262.5876612
SG_11_120,11,265.3457002
SG_11_121,11,268.5565582
SG_11_122,11,275.0973402
SG_11_123,11,283.5332932
SG_11_124,11,285.6719452
SG_11_125,11,286.0708738
SG_11_126,11,286.0713479
SG_11_127,11,289.8293459
SG_11_128,11,295.0111409
SG_11_129,11,296.2698669
SG_11_130,11,299.5080519
SG_11_131,11,302.0033659
SG_11_132,11,303.1544939
SG_11_133,11,304.0644018
SG_11_134,11,305.5287758
SG_11_135,11,308.5056558
SG_11_136,11,312.6680698
SG_11_137,11,314.4994598
SG_11_138,11,315.4610425
SG_11_139,11,317.4005235
SG_11_140,11,319.1014695
SG_11_141,11,321.7802835
SG_11_142,11,322.1364687
SG_11_143,11,324.6528177
SG_11_144,11,327.0625277
SG_11_145,11,331.9647607
SG_11_146,11,336.2380427
SG_11_147,11,337.6054467
SG_11_148,11,338.254543
SG_11_149,11,340.051496
SG_11_150,11,341.07971
SG_11_151,11,341.3301727
SG_11_152,11,342.0968262
SG_11_153,11,342.6028916
SG_11_154,11,342.6033521
SG_11_155,11,344.2986811
SG_11_156,11,346.1531091
SG_11_157,11,349.1323071
SG_11_158,11,349.1445907
SG_11_159,11,349.4157326
SG_11_160,11,350.6823536
SG_11_161,11,351.0090173
SG_11_162,11,352.1428673
SG_11_163,11,353.0261475
SG_11_164,11,353.4782468
SG_11_165,11,354.3367191
SG_11_166,11,354.3373177
SG_11_167,11,355.1876245
SG_11_168,11,356.4420765
SG_11_169,11,360.0361945
SG_11_170,11,366.4831255
SG_11_171,11,367.9870755
SG_11_172,11,369.3408475
SG_11_173,11,369.5855013
SG_11_174,11,369.5859244
SG_11_175,11,371.1105074
SG_11_176,11,374.1018444
SG_11_177,11,385.9614044
SG_11_178,11,397.1167044
SG_11_179,11,398.4226544
SG_11_180,11,401.9895934
SG_11_181,11,407.0426544
SG_11_182,11,410.7713364
SG_11_183,11,413.4153814
SG_11_184,11,416.5198264
SG_11_185,11,419.1458074
SG_11_186,11,419.901692
SG_11_187,11,422.626788
SG_11_188,11,425.641761
SG_11_189,11,425.8406569
SG_11_190,11,426.3773099
SG_11_191,11,427.7697959
SG_11_192,11,429.0580499
SG_11_193,11,429.058631
SG_11_194,11,429.7840968
SG_11_195,11,430.7251478
SG_11_196,11,432.8492898
SG_11_197,11,436.4627038
SG_11_198,11,440.1187548
SG_11_199,11,441.8228258
SG_11_200,11,443.9900468
SG_11_201,11,450.3379238
SG_11_202,11,453.2491998
SG_11_203,11,456.7330648
SG_11_204,11,458.6587498
SG_11_205,11,464.9157088
SG_12_001,12,0
SG_12_002,12,9.995344
SG_12_003,12,15.425915
SG_12_004,12,22.090172
SG_12_005,12,32.226822
SG_12_006,12,40.312433
SG_12_007,12,45.83617
SG_12_008,12,50.069017
SG_12_009,12,50.6999721
SG_12_010,12,50.69998344
SG_12_011,12,50.70002624
SG_12_012,12,51.31587684
SG_12_013,12,51.75324134
SG_12_014,12,51.99730994
SG_12_015,12,53.16965394
SG_12_016,12,53.59365554
SG_12_017,12,53.59365842
SG_12_018,12,53.84833822
SG_12_019,12,54.06924082
SG_12_020,12,55.32806082
SG_12_021,12,55.96884562
SG_12_022,12,56.94937882
SG_12_023,12,57.71057082
SG_12_024,12,58.02415372
SG_12_025,12,58.02415673
SG_12_026,12,58.88472853
SG_12_027,12,59.30721713
SG_12_028,12,61.34512613
SG_12_029,12,63.56065813
SG_12_030,12,64.64512513
SG_12_031,12,67.54422513
SG_12_032,12,70.55470613
SG_12_033,12,71.44057873
SG_12_034,12,72.21556203
SG_12_035,12,73.25370203
SG_12_036,12,73.25373802
SG_12_037,12,76.12418702
SG_12_038,12,78.51695202
SG_12_039,12,78.74418162
SG_12_040,12,80.11373662
SG_12_041,12,84.00960262
SG_12_042,12,87.76561562
SG_12_043,12,87.76561886
SG_12_044,12,87.7656225
SG_12_045,12,88.6439246
SG_12_046,12,90.3029746
SG_12_047,12,91.4335966
SG_12_048,12,92.5788516
SG_12_049,12,93.1000442
SG_12_050,12,93.9137719
SG_12_051,12,94.2156963
SG_12_052,12,96.5606063
SG_12_053,12,98.8553143
SG_12_054,12,99.4549034
SG_12_055,12,101.2412074
SG_12_056,12,103.8445814
SG_12_057,12,109.5717124
SG_12_058,12,115.5667474
SG_12_059,12,119.4232444
SG_12_060,12,119.6801723
SG_12_061,12,120.6938473
SG_12_062,12,120.6938505
SG_12_063,12,120.6938534
SG_12_064,12,120.9073452
SG_12_065,12,121.6312269
SG_12_066,12,122.3957114
SG_12_067,12,122.9040195
SG_12_068,12,122.904043
SG_12_069,12,123.923566
SG_12_070,12,124.6754996
SG_12_071,12,125.2222959
SG_12_072,12,125.7100277
SG_12_073,12,126.7463647
SG_12_074,12,126.7496841
SG_12_075,12,127.0254551
SG_12_076,12,127.2616607
SG_12_077,12,127.5166412
SG_12_078,12,127.8778322
SG_12_079,12,129.2669822
SG_12_080,12,130.4724532
SG_12_081,12,130.7253077
SG_12_082,12,130.7253136
SG_12_083,12,130.7253169
SG_12_084,12,131.2261587
SG_12_085,12,132.9430237
SG_12_086,12,135.0784787
SG_12_087,12,135.7370523
SG_12_088,12,137.8133413
SG_12_089,12,139.9484143
SG_12_090,12,141.6557683
SG_12_091,12,141.655773
SG_12_092,12,141.6557757
SG_12_093,12,141.6557787
SG_12_094,12,146.5640527
SG_12_095,12,157.7643527
SG_12_096,12,166.8624747
SG_12_097,12,167.3435698
SG_12_098,12,167.8446857
SG_12_099,12,169.8226627
SG_12_100,12,170.446735
SG_12_101,12,170.9552432
SG_12_102,12,170.9552497
SG_12_103,12,172.0889107
SG_12_104,12,172.7863043
SG_12_105,12,172.9448769
SG_12_106,12,173.3935235
SG_12_107,12,176.5566535
SG_12_108,12,185.3205235
SG_12_109,12,190.7987195
SG_12_110,12,194.9375265
SG_12_111,12,195.5569706
SG_12_112,12,195.9325477
SG_12_113,12,198.6368417
SG_12_114,12,201.6241667
SG_12_115,12,203.9071757
SG_12_116,12,209.4939197
SG_12_117,12,217.0688477
SG_12_118,12,224.1732017
SG_12_119,12,228.8046427
SG_12_120,12,231.3865227
SG_12_121,12,232.8892107
SG_12_122,12,240.8762517
SG_12_123,12,248.6027317
SG_12_124,12,252.3889107
SG_12_125,12,253.7683117
SG_12_126,12,254.8028597
SG_12_127,12,256.9318767
SG_12_128,12,259.4058757
SG_12_129,12,263.2231687
SG_12_130,12,267.5119227
SG_12_131,12,268.8807897
SG_12_132,12,269.7469933
SG_12_133,12,272.4098023
SG_12_134,12,285.1635223
SG_12_135,12,297.8920723
SG_12_136,12,307.0161513
SG_12_137,12,307.9181726
SG_12_138,12,307.918176
SG_12_139,12,307.9181814
SG_12_140,12,307.9181919
SG_12_141,12,307.9181948
SG_12_142,12,312.9992528
SG_12_143,12,318.1091098
SG_12_144,12,318.9287875
SG_12_145,12,323.3929365
SG_12_146,12,327.4817485
SG_12_147,12,327.4852685
SG_12_148,12,331.0333955
SG_12_149,12,334.5921915
SG_12_150,12,334.5921985
SG_12_151,12,335.6086515
SG_12_152,12,337.1534665
SG_12_153,12,339.2221845
SG_12_154,12,339.6890405
SG_12_155,12,341.4258865
SG_12_156,12,341.4258933
SG_12_157,12,343.3077783
SG_12_158,12,343.4494974
SG_12_159,12,343.4495004
SG_12_160,12,345.5224694
SG_12_161,12,346.0898731
SG_12_162,12,346.7207011
SG_12_163,12,349.0408191
SG_12_164,12,351.6097251
SG_12_165,12,354.5578621
SG_12_166,12,358.8104211
SG_12_167,12,358.8104572
SG_12_168,12,359.3113563
SG_12_169,12,359.3113604
SG_12_170,12,359.3113642
SG_12_171,12,361.0810002
SG_12_172,12,362.8551152
SG_12_173,12,362.8584546
SG_12_174,12,364.6119536
SG_12_175,12,368.1577536
SG_12_176,12,368.4034301
SG_12_177,12,369.0377602
SG_12_178,12,369.0377639
SG_12_179,12,371.4721079
SG_12_180,12,372.7236809
SG_12_181,12,373.035972
SG_12_182,12,373.0359763
SG_12_183,12,373.0359801
SG_12_184,12,373.7301231
SG_12_185,12,375.8947971
SG_12_186,12,378.2116231
SG_12_187,12,394.4666031
SG_12_188,12,409.9005831
SG_12_189,12,416.2635871
SG_12_190,12,423.2656431
SG_12_191,12,431.7619221
SG_12_192,12,436.7668751
SG_12_193,12,437.0196115
SG_12_194,12,437.2414382
SG_12_195,12,441.8084162
SG_12_196,12,447.6172862
SG_12_197,12,450.4673092
SG_12_198,12,451.0331145
SG_12_199,12,451.5505389
SG_12_200,12,451.8027419
SG_12_201,12,452.544622
SG_12_202,12,453.550097
SG_12_203,12,454.570897
SG_12_204,12,455.095264
SG_12_205,12,456.394861
SG_12_206,12,456.3948902
SG_12_207,12,456.6499289
SG_12_208,12,457.4401958
SG_12_209,12,458.2290103
SG_12_210,12,459.7771083
SG_12_211,12,461.9325503
SG_12_212,12,463.5646563
SG_12_213,12,467.6416953
SG_12_214,12,469.8780163
SG_12_215,12,470.7164677
SG_12_216,12,470.9543801
SG_12_217,12,475.5360801
SG_12_218,12,480.1196451
SG_12_219,12,482.9671741
SG_12_220,12,485.6606341
SG_12_221,12,486.5989692
SG_12_222,12,487.0333691
SG_12_223,12,487.6224278
SG_12_224,12,488.5074252
SG_12_225,12,492.3268392
SG_12_226,12,496.2432912
SG_12_227,12,498.9578072
SG_12_228,12,500.5544152
SG_12_229,12,502.1193172
SG_12_230,12,504.3834312
SG_12_231,12,505.0979045
SG_12_232,12,506.9299365
SG_12_233,12,508.0012195
SG_12_234,12,509.3041975
SG_12_235,12,510.5856315
SG_12_236,12,512.4428815
SG_12_237,12,515.4787765
SG_12_238,12,515.9382692
SG_12_239,12,516.621274
SG_12_240,12,516.941605
SG_13_001,13,0
SG_13_002,13,0.000106876
SG_13_003,13,0.257475276
SG_13_004,13,0.501058976
SG_13_005,13,0.501063342
SG_13_006,13,0.50106701
SG_13_007,13,1.19380931
SG_13_008,13,3.82599031
SG_13_009,13,5.51714231
SG_13_010,13,9.65002931
SG_13_011,13,14.37842531
SG_13_012,13,17.99645931
SG_13_013,13,18.46294961
SG_13_014,13,21.27114661
SG_13_015,13,24.10555861
SG_13_016,13,25.67472561
SG_13_017,13,26.46366781
SG_13_018,13,27.88188981
SG_13_019,13,28.76268511
SG_13_020,13,30.72269411
SG_13_021,13,32.77657811
SG_13_022,13,35.83537311
SG_13_023,13,37.89501611
SG_13_024,13,38.91138411
SG_13_025,13,43.36417211
SG_13_026,13,44.93204311
SG_13_027,13,45.46263881
SG_13_028,13,47.44084481
SG_13_029,13,48.01516851
SG_13_030,13,49.25364351
SG_13_031,13,52.08038851
SG_13_032,13,52.52631431
SG_13_033,13,52.52632507
SG_13_034,13,53.01591647
SG_13_035,13,56.03506247
SG_13_036,13,61.40370747
SG_13_037,13,68.52556747
SG_13_038,13,77.35469447
SG_13_039,13,78.15574107
SG_13_040,13,79.41544907
SG_13_041,13,80.60462507
SG_13_042,13,81.96097307
SG_13_043,13,84.93456607
SG_13_044,13,87.92402407
SG_13_045,13,92.22538407
SG_13_046,13,92.69555947
SG_13_047,13,95.47601247
SG_13_048,13,104.3126775
SG_13_049,13,113.8229055
SG_13_050,13,116.9566815
SG_13_051,13,121.1052355
SG_13_052,13,124.3386065
SG_13_053,13,124.3391342
SG_13_054,13,128.6727342
SG_13_055,13,132.6696512
SG_13_056,13,133.0466239
SG_13_057,13,133.0466304
SG_13_058,13,133.3247092
SG_13_059,13,134.3772352
SG_13_060,13,135.1000201
SG_13_061,13,136.8294871
SG_13_062,13,139.1734011
SG_13_063,13,140.4249171
SG_13_064,13,141.6880931
SG_13_065,13,143.2341621
SG_13_066,13,143.2341673
SG_13_067,13,143.2341723
SG_13_068,13,144.8095483
SG_13_069,13,148.8778313
SG_13_070,13,149.747176
SG_13_071,13,149.8792413
SG_13_072,13,149.8792464
SG_13_073,13,149.879251
SG_13_074,13,151.146992
SG_13_075,13,159.618951
SG_13_076,13,164.154966
SG_13_077,13,165.1250259
SG_13_078,13,165.9948563
SG_13_079,13,167.0632583
SG_13_080,13,167.8655805
SG_13_081,13,171.9150565
SG_13_082,13,171.9151001
SG_13_083,13,177.2864941
SG_13_084,13,182.1330011
SG_13_085,13,182.6448623
SG_13_086,13,184.8201223
SG_13_087,13,185.2126556
SG_13_088,13,186.0334281
SG_13_089,13,186.5208481
SG_13_090,13,187.2946961
SG_13_091,13,188.8701691
SG_13_092,13,196.5668631
SG_13_093,13,200.8744271
SG_13_094,13,201.8315182
SG_13_095,13,203.4649412
SG_13_096,13,203.4649589
SG_13_097,13,203.7326044
SG_13_098,13,204.2576817
SG_13_099,13,208.9752717
SG_13_100,13,213.5692797
SG_13_101,13,215.2419727
SG_13_102,13,216.9717967
SG_13_103,13,218.6219087
SG_13_104,13,224.3869797
SG_13_105,13,228.4044147
SG_13_106,13,232.1844927
SG_13_107,13,235.5757967
SG_13_108,13,236.478543
SG_13_109,13,240.885793
SG_13_110,13,246.081875
SG_13_111,13,251.34313
SG_13_112,13,255.748555
SG_13_113,13,256.2803632
SG_13_114,13,258.6849572
SG_13_115,13,271.7248972
SG_13_116,13,286.3410172
SG_13_117,13,288.9432112
SG_13_118,13,289.7289033
SG_13_119,13,291.1740303
SG_13_120,13,291.9011931
SG_13_121,13,293.8151391
SG_13_122,13,295.0863211
SG_13_123,13,295.6633611
SG_13_124,13,296.9265431
SG_13_125,13,297.3879164
SG_13_126,13,298.7278804
SG_13_127,13,302.1558234
SG_13_128,13,304.8277444
SG_13_129,13,306.3044554
SG_13_130,13,306.3045769
SG_13_131,13,308.9040379
SG_13_132,13,311.9932399
SG_13_133,13,314.1669219
SG_13_134,13,315.8168859
SG_13_135,13,318.3998069
SG_13_136,13,318.7161613
SG_13_137,13,318.7161671
SG_13_138,13,318.7161723
SG_13_139,13,319.6599358
SG_13_140,13,321.1311658
SG_13_141,13,321.8105159
SG_13_142,13,323.1430379
SG_13_143,13,324.3505459
SG_13_144,13,326.5601069
SG_13_145,13,327.9511509
SG_13_146,13,328.4887856
SG_13_147,13,329.9795036
SG_13_148,13,331.0152176
SG_13_149,13,331.2330906
SG_13_150,13,335.6211286
SG_13_151,13,341.3868186
SG_13_152,13,346.4847476
SG_13_153,13,352.5089656
SG_13_154,13,358.3966056
SG_14_001,14,0
SG_14_002,14,5.08226
SG_14_003,14,8.024862
SG_14_004,14,10.55127
SG_14_005,14,13.617492
SG_14_006,14,15.95344
SG_14_007,14,17.610572
SG_14_008,14,37.495212
SG_14_009,14,57.328422
SG_14_010,14,60.140316
SG_14_011,14,64.440841
SG_14_012,14,67.71663
SG_14_013,14,68.5605167
SG_14_014,14,68.56078233
SG_14_015,14,68.5612693
SG_14_016,14,69.075248
SG_14_017,14,69.6317663
SG_14_018,14,70.5741478
SG_14_019,14,72.6982438
SG_14_020,14,75.3056798
SG_14_021,14,83.5994858
SG_14_022,14,83.60033426
SG_14_023,14,84.75005326
SG_14_024,14,85.84176626
SG_14_025,14,87.90171726
SG_14_026,14,93.37261026
SG_14_027,14,98.65473826
SG_14_028,14,98.65502248
SG_14_029,14,98.66213545
SG_14_030,14,99.72408145
SG_14_031,14,99.99092775
SG_14_032,14,100.7607497
SG_14_033,14,105.4723227
SG_14_034,14,108.9532067
SG_14_035,14,113.1152487
SG_14_036,14,114.6665757
SG_14_037,14,118.5018397
SG_14_038,14,126.5496347
SG_14_039,14,132.2346047
SG_14_040,14,134.6671777
SG_14_041,14,138.7791007
SG_14_042,14,138.7793394
SG_14_043,14,140.4092894
SG_14_044,14,140.6783346
SG_14_045,14,143.4723096
SG_14_046,14,146.5392006
SG_14_047,14,147.2550809
SG_14_048,14,147.4202021
SG_14_049,14,147.4206325
SG_14_050,14,147.6850655
SG_14_051,14,149.4191535
SG_14_052,14,156.0166675
SG_14_053,14,157.8914705
SG_14_054,14,159.8541375
SG_14_055,14,161.9640865
SG_14_056,14,162.4813326
SG_14_057,14,162.4818313
SG_14_058,14,162.6516031
SG_14_059,14,164.1085201
SG_14_060,14,169.5448661
SG_14_061,14,170.6980861
SG_14_062,14,171.8896941
SG_14_063,14,174.2541441
SG_14_064,14,178.1191201
SG_14_065,14,183.1498831
SG_14_066,14,188.5053211
SG_14_067,14,194.5073501
SG_14_068,14,197.2831011
SG_14_069,14,197.6114081
SG_14_070,14,197.6116533
SG_14_071,14,197.6122849
SG_14_072,14,198.095658
SG_14_073,14,198.8226723
SG_14_074,14,198.8361507
SG_14_075,14,201.1457387
SG_14_076,14,203.2617847
SG_14_077,14,209.2169777
SG_14_078,14,214.7885907
SG_14_079,14,215.1042077
SG_14_080,14,215.5264257
SG_14_081,14,217.7741937
SG_14_082,14,218.0317981
SG_14_083,14,218.0320449
SG_14_084,14,219.0717919
SG_14_085,14,220.6390369
SG_14_086,14,222.4118949
SG_14_087,14,223.5558889
SG_14_088,14,223.5561478
SG_14_089,14,223.5565114
SG_14_090,14,226.8449344
SG_14_091,14,229.8528484
SG_14_092,14,229.8540243
SG_14_093,14,231.7820343
SG_14_094,14,233.7719213
SG_14_095,14,236.0102253
SG_14_096,14,236.0117209
SG_14_097,14,236.0131349
SG_14_098,14,236.7832191
SG_14_099,14,238.0618811
SG_14_100,14,238.0622589
SG_14_101,14,238.7697497
SG_14_102,14,239.4092108
SG_14_103,14,239.8665607
SG_14_104,14,240.1623322
SG_14_105,14,243.5528382
SG_14_106,14,246.9302522
SG_14_107,14,246.9304903
SG_14_108,14,246.9307271
SG_14_109,14,246.9309658
SG_14_110,14,246.9312821
SG_14_111,14,247.2206172
SG_14_112,14,248.7848962
SG_14_113,14,249.2742517
SG_14_114,14,249.2745992
SG_14_115,14,249.2748406
SG_14_116,14,250.3633106
SG_14_117,14,254.5210786
SG_14_118,14,265.2419786
SG_14_119,14,275.4299786
SG_14_120,14,284.1466136
SG_14_121,14,294.8931336
SG_15_001,15,0
SG_15_002,15,2.563843
SG_15_003,15,4.149282
SG_15_004,15,4.8176405
SG_15_005,15,5.3297096
SG_15_006,15,6.1329445
SG_15_007,15,7.5300105
SG_15_008,15,8.4301921
SG_15_009,15,10.3214621
SG_15_010,15,11.4903761
SG_15_011,15,13.4707731
SG_15_012,15,15.2076811
SG_15_013,15,16.1658712
SG_15_014,15,16.6864975
SG_15_015,15,17.4183961
SG_15_016,15,18.3888783
SG_15_017,15,18.6604528
SG_15_018,15,18.6604528
SG_15_019,15,19.6352998
SG_15_020,15,23.8588768
SG_15_021,15,25.6527248
SG_15_022,15,25.8961046
SG_15_023,15,25.8961046
SG_15_024,15,26.7886387
SG_15_025,15,29.6065577
SG_15_026,15,32.3116177
SG_15_027,15,36.2552647
SG_15_028,15,38.0285977
SG_15_029,15,39.8191157
SG_15_030,15,41.0413767
SG_15_031,15,41.4432793
SG_15_032,15,41.8404145
SG_15_033,15,42.6271749
SG_15_034,15,44.3188429
SG_15_035,15,45.6115729
SG_15_036,15,46.2083835
SG_15_037,15,47.5386845
SG_15_038,15,50.3448175
SG_15_039,15,52.4919975
SG_15_040,15,56.3621455
SG_15_041,15,58.6982975
SG_15_042,15,58.6982975
SG_15_043,15,58.6982975
SG_15_044,15,62.9499165
SG_15_045,15,65.8152835
SG_15_046,15,66.0485832
SG_15_047,15,66.0485832
SG_15_048,15,66.0485832
SG_15_049,15,66.9416483
SG_15_050,15,68.6778423
SG_15_051,15,69.7475773
SG_15_052,15,70.013874
SG_15_053,15,70.013874
SG_15_054,15,70.1039614
SG_15_055,15,70.9591362
SG_15_056,15,71.2144967
SG_15_057,15,71.2144967
SG_15_058,15,72.8156147
SG_15_059,15,77.0023337
SG_15_060,15,80.0109457
SG_15_061,15,80.546695
SG_15_062,15,80.546695
SG_15_063,15,81.589388
SG_15_064,15,82.1346522
SG_15_065,15,82.6758697
SG_15_066,15,83.1936579
SG_15_067,15,83.9699488
SG_15_068,15,85.1023248
SG_15_069,15,87.5328328
SG_15_070,15,88.4664798
SG_15_071,15,90.1122638
SG_15_072,15,90.6795047
SG_15_073,15,91.7390327
SG_15_074,15,92.3398621
SG_15_075,15,95.7305821
SG_15_076,15,98.7224421
SG_15_077,15,103.7062101
SG_15_078,15,104.4735688
SG_15_079,15,107.1769708
SG_15_080,15,108.1650561
SG_15_081,15,110.6240151
SG_15_082,15,110.7628316
SG_15_083,15,111.5514709
SG_15_084,15,115.6323979
SG_15_085,15,116.3661992
SG_15_086,15,117.4327182
SG_15_087,15,119.2140252
SG_15_088,15,119.8744043
SG_15_089,15,122.2168093
SG_15_090,15,124.0926703
SG_15_091,15,126.6389043
SG_15_092,15,126.9229265
SG_15_093,15,127.602737
SG_15_094,15,128.819298
SG_15_095,15,131.73683
SG_15_096,15,134.764751
SG_15_097,15,135.935688
SG_15_098,15,140.163911
SG_15_099,15,141.351076
SG_15_100,15,142.672635
SG_15_101,15,143.2279664
SG_15_102,15,146.3176384
SG_15_103,15,148.4622614
SG_15_104,15,154.7854094
SG_15_105,15,159.6287454
SG_15_106,15,161.3310924
SG_15_107,15,163.0547364
SG_15_108,15,165.3838534
SG_15_109,15,167.2426324
SG_15_110,15,168.7681504
SG_15_111,15,169.022385
SG_15_112,15,170.487541
SG_15_113,15,175.603221
SG_15_114,15,176.5901501
SG_15_115,15,181.4898801
SG_15_116,15,185.8031061
SG_15_117,15,187.1232361
SG_15_118,15,189.7298151
SG_15_119,15,194.0210261
SG_15_120,15,194.8223923
SG_15_121,15,196.0873853
SG_15_122,15,197.4337543
SG_15_123,15,198.1802723
SG_15_124,15,198.1802723
SG_15_125,15,199.2246813
SG_15_126,15,200.7705643
SG_15_127,15,200.7705643
SG_15_128,15,200.7705643
SG_15_129,15,201.6810425
SG_15_130,15,202.7125825
SG_15_131,15,205.5020685
SG_15_132,15,206.7584055
SG_15_133,15,207.5997302
SG_15_134,15,208.6591722
SG_15_135,15,210.7565162
SG_15_136,15,213.1141082
SG_15_137,15,215.4306032
SG_15_138,15,218.8798332
SG_15_139,15,220.5833392
SG_15_140,15,220.5833392
SG_15_141,15,220.5833392
SG_15_142,15,223.5724702
SG_15_143,15,226.7657872
SG_15_144,15,230.2177212
SG_15_145,15,232.2067242
SG_15_146,15,233.0305231
SG_15_147,15,233.8057853
SG_15_148,15,234.7394494
SG_15_149,15,235.0847027
SG_15_150,15,235.5766348
SG_15_151,15,236.1091925
SG_15_152,15,237.2160655
SG_15_153,15,245.4941265
SG_15_154,15,257.4514765
SG_15_155,15,259.1244505
SG_15_156,15,267.0246115
SG_15_157,15,281.6601215
SG_15_158,15,298.8287815
SG_16_001,16,0
SG_16_002,16,0.8654126
SG_16_003,16,2.0817296
SG_16_004,16,4.5459556
SG_16_005,16,10.7814026
SG_16_006,16,15.5758166
SG_16_007,16,16.3992482
SG_16_008,16,20.2389052
SG_16_009,16,26.2113302
SG_16_010,16,26.21133043
SG_16_011,16,26.73267093
SG_16_012,16,27.52126593
SG_16_013,16,27.52126689
SG_16_014,16,28.04133099
SG_16_015,16,28.30984439
SG_16_016,16,34.11430239
SG_16_017,16,39.95708339
SG_16_018,16,40.55686969
SG_16_019,16,40.88064779
SG_16_020,16,40.88070012
SG_16_021,16,42.17416712
SG_16_022,16,43.69118712
SG_16_023,16,47.63622912
SG_16_024,16,48.66129912
SG_16_025,16,50.03989812
SG_16_026,16,51.81360312
SG_16_027,16,52.06326842
SG_16_028,16,52.06326873
SG_16_029,16,52.06326879
SG_16_030,16,55.49629379
SG_16_031,16,55.49629397
SG_16_032,16,56.03277237
SG_16_033,16,57.13381337
SG_16_034,16,59.69606937
SG_16_035,16,60.99526537
SG_16_036,16,61.48306097
SG_16_037,16,62.09594097
SG_16_038,16,63.16264297
SG_16_039,16,65.25647197
SG_16_040,16,69.00338397
SG_16_041,16,71.34759897
SG_16_042,16,72.35765597
SG_16_043,16,72.62248287
SG_16_044,16,72.89672097
SG_16_045,16,73.95698497
SG_16_046,16,77.20750997
SG_16_047,16,79.58507297
SG_16_048,16,81.69523297
SG_16_049,16,82.75421197
SG_16_050,16,84.39208697
SG_16_051,16,87.48787697
SG_16_052,16,90.45222197
SG_16_053,16,91.41167697
SG_16_054,16,92.30346517
SG_16_055,16,93.99687917
SG_16_056,16,94.78155247
SG_16_057,16,96.09483347
SG_16_058,16,99.03026447
SG_16_059,16,101.5327055
SG_16_060,16,102.0983925
SG_16_061,16,103.1198955
SG_16_062,16,103.5192674
SG_16_063,16,104.3258416
SG_16_064,16,104.325842
SG_16_065,16,104.817602
SG_16_066,16,105.0711187
SG_16_067,16,105.071119
SG_16_068,16,106.089393
SG_16_069,16,108.179674
SG_16_070,16,110.267186
SG_16_071,16,111.296219
SG_16_072,16,112.1405823
SG_16_073,16,114.8989453
SG_16_074,16,117.9522333
SG_16_075,16,118.6791915
SG_16_076,16,122.0962435
SG_16_077,16,125.0101045
SG_16_078,16,125.3116219
SG_16_079,16,126.3950829
SG_16_080,16,127.4437249
SG_16_081,16,129.3314379
SG_16_082,16,131.7950159
SG_16_083,16,132.8720439
SG_16_084,16,134.0041509
SG_16_085,16,134.898941
SG_16_086,16,136.219477
SG_16_087,16,138.906659
SG_16_088,16,144.404358
SG_16_089,16,151.095212
SG_16_090,16,152.783162
SG_16_091,16,156.424801
SG_16_092,16,163.334111
SG_16_093,16,166.931197
SG_16_094,16,172.451411
SG_16_095,16,175.259444
SG_16_096,16,175.7281104
SG_16_097,16,176.2343378
SG_16_098,16,176.234338
SG_16_099,16,176.2343383
SG_16_100,16,176.3445875
SG_16_101,16,177.2604676
SG_16_102,16,179.9013726
SG_16_103,16,183.3964416
SG_16_104,16,185.1504026
SG_16_105,16,188.9273836
SG_16_106,16,190.0171686
SG_16_107,16,190.0171688
SG_16_108,16,190.9465721
SG_16_109,16,192.4772621
SG_16_110,16,192.8122599
SG_16_111,16,193.2683643
SG_16_112,16,193.7331722
SG_16_113,16,194.1930538
SG_16_114,16,196.4355918
SG_16_115,16,197.1073796
SG_16_116,16,199.1373846
SG_16_117,16,201.4956626
SG_16_118,16,203.5592096
SG_16_119,16,203.9276419
SG_16_120,16,208.2247839
SG_16_121,16,212.4994029
SG_16_122,16,214.2135719
SG_16_123,16,215.7856309
SG_16_124,16,220.7350489
SG_16_125,16,221.5715444
SG_16_126,16,225.6721644
SG_16_127,16,227.7823574
SG_16_128,16,228.7989904
SG_16_129,16,233.6245424
SG_16_130,16,238.2113664
SG_16_131,16,238.7847398
SG_16_132,16,239.0765742
SG_16_133,16,239.9806471
SG_16_134,16,242.2156651
SG_16_135,16,242.9711777
SG_16_136,16,244.4780577
SG_16_137,16,247.7304687
SG_16_138,16,247.9178029
SG_16_139,16,252.9812309
SG_16_140,16,257.7753409
SG_16_141,16,258.2010991
SG_16_142,16,258.9622049
SG_16_143,16,258.9622235
SG_16_144,16,260.7699785
SG_16_145,16,269.4928315
SG_16_146,16,280.0933715
SG_16_147,16,288.2278045
SG_16_148,16,288.8530496
SG_16_149,16,290.8996186
SG_16_150,16,292.5001936
SG_16_151,16,296.6797126
SG_16_152,16,299.7394276
SG_16_153,16,301.4089616
SG_16_154,16,307.7726586
SG_16_155,16,313.9431256
SG_16_156,16,314.647935
SG_16_157,16,317.86645
SG_16_158,16,319.882636
SG_16_159,16,321.696567
SG_16_160,16,323.480483
SG_16_161,16,323.7470713
SG_16_162,16,323.7470714
SG_16_163,16,323.7470718
SG_16_164,16,324.0030127
SG_16_165,16,324.9648086
SG_16_166,16,328.8239236
SG_16_167,16,330.4496816
SG_16_168,16,331.4494153
SG_16_169,16,331.9691467
SG_16_170,16,334.5889877
SG_16_171,16,336.9118557
SG_16_172,16,337.1882042
SG_16_173,16,338.6807302
SG_16_174,16,339.1133847
SG_16_175,16,340.2636677
SG_16_176,16,341.4137577
SG_16_177,16,341.4137626
SG_16_178,16,342.006095
SG_16_179,16,344.208397
SG_16_180,16,349.022747
SG_16_181,16,353.081499
SG_16_182,16,358.829845
SG_16_183,16,359.5742958
SG_16_184,16,361.0523638
SG_16_185,16,361.6281459
SG_16_186,16,361.6281554
SG_16_187,16,361.6281557
SG_16_188,16,362.2931924
SG_16_189,16,362.5975194
SG_16_190,16,362.5975198
SG_16_191,16,362.9289283
SG_16_192,16,363.4713912
SG_16_193,16,364.1334317
SG_16_194,16,364.5256046
SG_16_195,16,364.5256994
SG_16_196,16,365.4284707
SG_16_197,16,366.3298892
SG_16_198,16,366.8518747
SG_16_199,16,367.9871627
SG_16_200,16,370.6753987
SG_16_201,16,374.9307547
SG_16_202,16,378.7499547
SG_16_203,16,385.8557867
SG_16_204,16,398.4948367