1:1436704,SG_1_001
1:7614106,SG_1_002
1:4563293,SG_1_003
1:4155478,SG_1_004
9:4478483,SG_1_005
1:8853032,SG_1_006
1:8553438,SG_1_007
9:41235917,SG_1_008
11:25905047,SG_1_009
1:85751817,SG_1_010
9:41247445,SG_1_011
1:14575829,SG_1_012
5:46529373,SG_1_013
1:14391674,SG_1_014
1:14501878,SG_1_015
1:14958330,SG_1_016
1:16567624,SG_1_017
1:14964100,SG_1_018
1:16320798,SG_1_019
4:385949,SG_1_020
1:19584973,SG_1_021
4:495713,SG_1_022
9:6238535,SG_1_023
4:492988,SG_1_024
1:22010718,SG_1_025
9:6250673,SG_1_026
1:20187251,SG_1_027
1:20183975,SG_1_028
1:23746748,SG_1_029
1:22520336,SG_1_030
1:23240315,SG_1_031
1:23736803,SG_1_032
1:23691229,SG_1_033
1:23754836,SG_1_034
1:33306399,SG_1_035
1:23749769,SG_1_036
7:31338776,SG_1_037
1:23663817,SG_1_038
1:23715645,SG_1_039
9:16345167,SG_1_040
13:2534872,SG_1_041
5:16546555,SG_1_042
1:31073932,SG_1_043
1:31090650,SG_1_044
5:16741994,SG_1_045
4:52696545,SG_1_046
1:20622603,SG_1_047
1:31349231,SG_1_048
1:20643462,SG_1_049
1:34330792,SG_1_050
1:30780451,SG_1_051
1:25525961,SG_1_052
1:25498703,SG_1_053
1:30789935,SG_1_054
1:30794188,SG_1_055
1:30800777,SG_1_056
1:25787062,SG_1_057
1:39417543,SG_1_058
1:28210458,SG_1_059
7:26432747,SG_1_060
1:71956399,SG_1_061
7:26549826,SG_1_062
6:12081281,SG_1_063
1:39571620,SG_1_064
1:27074107,SG_1_065
1:45894938,SG_1_066
1:46302480,SG_1_067
1:45924342,SG_1_068
1:45404038,SG_1_069
1:45244748,SG_1_070
1:48228397,SG_1_071
10:939737,SG_1_072
3:59883880,SG_1_073
1:52175445,SG_1_074
1:79377486,SG_1_075
9:38204178,SG_1_076
1:79386636,SG_1_077
9:35389108,SG_1_078
1:48737122,SG_1_079
7:30828208,SG_1_080
1:50909931,SG_1_081
1:1950214,SG_1_082
8:46424085,SG_1_083
1:51000944,SG_1_084
1:56073060,SG_1_085
12:4532386,SG_1_086
13:9982267,SG_1_087
15:33551180,SG_1_088
2:46824047,SG_1_089
15:33544421,SG_1_090
3:72641514,SG_1_091
6:4032503,SG_1_092
10:19314812,SG_1_093
12:4534457,SG_1_094
9:59055074,SG_1_095
3:49396769,SG_1_096
9:59039254,SG_1_097
1:63894295,SG_1_098
1:63866275,SG_1_099
1:63285903,SG_1_100
1:63917814,SG_1_101
16:45728142,SG_1_102
8:38585930,SG_1_103
8:39187698,SG_1_104
9:44789249,SG_1_105
9:44770282,SG_1_106
8:39163616,SG_1_107
9:44775352,SG_1_108
8:55098983,SG_1_109
11:31017067,SG_1_110
4:55342409,SG_1_111
3:22199021,SG_1_112
1:29127948,SG_1_113
13:23322932,SG_1_114
1:69821089,SG_1_115
16:39482005,SG_1_116
16:32980055,SG_1_117
11:50754971,SG_1_118
12:45616154,SG_1_119
11:50748322,SG_1_120
9:51523907,SG_1_121
12:46219069,SG_1_122
1:12716854,SG_1_123
1:74481744,SG_1_124
6:37805463,SG_1_125
1:74535467,SG_1_126
12:46223618,SG_1_127
1:73957562,SG_1_128
1:75602312,SG_1_129
13:16549705,SG_1_130
1:78488077,SG_1_131
1:76319396,SG_1_132
1:89102036,SG_1_133
1:82978475,SG_1_134
9:58027989,SG_1_135
5:32730717,SG_1_136
1:83353562,SG_1_137
3:37262226,SG_1_138
1:86326375,SG_1_139
1:87758948,SG_1_140
9:53998347,SG_1_141
1:84140166,SG_1_142
1:84059411,SG_1_143
1:84010498,SG_1_144
1:84181144,SG_1_145
5:3231818,SG_1_146
1:84043406,SG_1_147
1:91237565,SG_1_148
1:90929707,SG_1_149
1:84007503,SG_1_150
1:90935500,SG_1_151
9:54186274,SG_1_152
5:3238783,SG_1_153
8:26881215,SG_1_154
1:81847508,SG_1_155
1:81468770,SG_1_156
1:91589300,SG_1_157
1:91647801,SG_1_158
1:90747844,SG_1_159
1:95792420,SG_1_160
2:50950465,SG_1_161
1:80930474,SG_1_162
3:60627718,SG_1_163
9:10714506,SG_1_164
5:1929379,SG_1_165
1:91919400,SG_1_166
1:91339939,SG_1_167
2:51034473,SG_1_168
8:48286771,SG_1_169
3:60661969,SG_1_170
5:2658536,SG_1_171
1:91332900,SG_1_172
9:59286596,SG_1_173
8:48290035,SG_1_174
9:59282936,SG_1_175
4:63561163,SG_1_176
16:19865780,SG_1_177
9:58800585,SG_1_178
1:76971039,SG_1_179
1:76848048,SG_1_180
8:48296139,SG_1_181
1:76842916,SG_1_182
1:94221373,SG_1_183
9:58646799,SG_1_184
7:37197558,SG_2_001
4:72987262,SG_2_002
2:1523126,SG_2_003
2:2422437,SG_2_004
2:1044968,SG_2_005
2:3389216,SG_2_006
2:4474391,SG_2_007
2:7467584,SG_2_008
8:48521280,SG_2_009
2:6781246,SG_2_010
2:7453911,SG_2_011
13:4278724,SG_2_012
13:3909654,SG_2_013
2:9834293,SG_2_014
13:24783276,SG_2_015
2:7384278,SG_2_016
2:11623068,SG_2_017
1:7132540,SG_2_018
1:7129783,SG_2_019
5:33801182,SG_2_020
2:12973442,SG_2_021
2:13466641,SG_2_022
2:14247708,SG_2_023
2:13978810,SG_2_024
2:14678477,SG_2_025
10:8475805,SG_2_026
10:10422270,SG_2_027
1:23479300,SG_2_028
10:8712325,SG_2_029
10:14109814,SG_2_030
10:12261824,SG_2_031
10:12270068,SG_2_032
3:10236118,SG_2_033
10:14118861,SG_2_034
10:14976927,SG_2_035
2:18598341,SG_2_036
10:15012036,SG_2_037
10:12264729,SG_2_038
10:14837078,SG_2_039
2:16009296,SG_2_040
2:20323512,SG_2_041
8:18828706,SG_2_042
2:20313326,SG_2_043
2:20301714,SG_2_044
2:15421085,SG_2_045
2:15424207,SG_2_046
2:15449034,SG_2_047
6:12356901,SG_2_048
2:15524788,SG_2_049
2:20905035,SG_2_050
2:20907352,SG_2_051
2:20569537,SG_2_052
2:21384751,SG_2_053
2:21382247,SG_2_054
4:84543753,SG_2_055
4:84073830,SG_2_056
4:84099703,SG_2_057
2:26944744,SG_2_058
4:84154332,SG_2_059
2:25772143,SG_2_060
12:9736927,SG_2_061
2:25776605,SG_2_062
2:30115196,SG_2_063
10:20243893,SG_2_064
2:29987204,SG_2_065
2:27481557,SG_2_066
2:31716754,SG_2_067
2:27193375,SG_2_068
10:21305284,SG_2_069
2:30106255,SG_2_070
2:30108869,SG_2_071
2:34009301,SG_2_072
2:27523558,SG_2_073
7:43712546,SG_2_074
4:71495784,SG_2_075
1:15716147,SG_2_076
11:5523798,SG_2_077
1:15734116,SG_2_078
2:35085526,SG_2_079
3:15027329,SG_2_080
9:46269629,SG_2_081
13:11005834,SG_2_082
2:47922305,SG_2_083
2:44021130,SG_2_084
10:31284492,SG_2_085
10:22968281,SG_2_086
1:79216754,SG_2_087
2:45632911,SG_2_088
16:33171134,SG_2_089
8:23537888,SG_2_090
16:28362414,SG_2_091
2:34070535,SG_2_092
11:9863318,SG_2_093
2:31374224,SG_2_094
4:16501168,SG_2_095
2:41075816,SG_2_096
2:41087190,SG_2_097
14:16640218,SG_2_098
4:16544183,SG_2_099
11:22413026,SG_2_100
11:22399560,SG_2_101
2:51402500,SG_2_102
2:51406045,SG_2_103
2:39532686,SG_2_104
11:22402993,SG_2_105
2:51716896,SG_2_106
2:51728505,SG_2_107
2:39606768,SG_2_108
2:28768067,SG_2_109
2:39967960,SG_2_110
2:47183929,SG_2_111
2:50097123,SG_2_112
6:39733052,SG_2_113
2:40204606,SG_2_114
2:40186330,SG_2_115
1:15879316,SG_2_116
2:53721287,SG_2_117
2:46118547,SG_2_118
2:17139912,SG_2_119
2:52397563,SG_2_120
10:38835344,SG_2_121
10:38825937,SG_2_122
6:30873933,SG_2_123
2:53060547,SG_2_124
6:30859061,SG_2_125
3:3834184,SG_3_001
3:66100579,SG_3_002
3:3116146,SG_3_003
3:3149709,SG_3_004
16:43255685,SG_3_005
3:5651870,SG_3_006
3:3173922,SG_3_007
3:6646979,SG_3_008
3:6730241,SG_3_009
3:7145104,SG_3_010
1:32065312,SG_3_011
11:5202588,SG_3_012
11:5200064,SG_3_013
3:11537194,SG_3_014
9:11866597,SG_3_015
9:11863149,SG_3_016
11:24938813,SG_3_017
3:11692564,SG_3_018
3:11779208,SG_3_019
11:24941941,SG_3_020
3:12999308,SG_3_021
11:42202822,SG_3_022
3:15492288,SG_3_023
11:50977604,SG_3_024
3:15498840,SG_3_025
3:22133547,SG_3_026
3:22065402,SG_3_027
3:22073474,SG_3_028
3:19655164,SG_3_029
3:19603970,SG_3_030
3:19645577,SG_3_031
5:27246322,SG_3_032
3:21728112,SG_3_033
1:29772984,SG_3_034
3:7088917,SG_3_035
3:23773281,SG_3_036
3:28785792,SG_3_037
3:28763409,SG_3_038
2:15552312,SG_3_039
3:23520029,SG_3_040
11:24494839,SG_3_041
13:15697176,SG_3_042
10:19755737,SG_3_043
3:23346098,SG_3_044
3:23494782,SG_3_045
3:23461389,SG_3_046
11:23204410,SG_3_047
3:26794275,SG_3_048
3:28173326,SG_3_049
3:27868251,SG_3_050
3:27857134,SG_3_051
1:33854431,SG_3_052
11:31425192,SG_3_053
3:33906721,SG_3_054
4:66745692,SG_3_055
8:29340250,SG_4_001
4:33186034,SG_4_002
4:32191012,SG_4_003
2:53762001,SG_4_004
7:11056281,SG_4_005
2:38306865,SG_4_006
4:33199355,SG_4_007
2:53733273,SG_4_008
11:35937887,SG_4_009
4:32006035,SG_4_010
1:65731018,SG_4_011
1:65620202,SG_4_012
11:34778005,SG_4_013
1:65691765,SG_4_014
11:34790896,SG_4_015
12:36502272,SG_4_016
4:35809892,SG_4_017
12:23593916,SG_4_018
12:23600190,SG_4_019
3:11956306,SG_4_020
4:34969340,SG_4_021
12:23612410,SG_4_022
4:35785515,SG_4_023
4:35446116,SG_4_024
4:38995161,SG_4_025
10:23614754,SG_4_026
4:39008715,SG_4_027
8:47442328,SG_4_028
4:39209649,SG_4_029
4:39768633,SG_4_030
2:12918225,SG_4_031
1:25168373,SG_4_032
2:12912050,SG_4_033
13:24526196,SG_4_034
4:39867585,SG_4_035
4:39846996,SG_4_036
4:39829980,SG_4_037
3:72530848,SG_4_038
4:36245689,SG_4_039
14:31938467,SG_4_040
14:31945408,SG_4_041
4:39408601,SG_4_042
14:31948906,SG_4_043
4:37069916,SG_4_044
2:28548774,SG_4_045
4:37116752,SG_4_046
12:43699191,SG_4_047
12:27963161,SG_4_048
12:26164922,SG_4_049
12:27978867,SG_4_050
4:48518003,SG_4_051
11:41566140,SG_4_052
9:11228178,SG_4_053
12:30025306,SG_4_054
4:47743189,SG_4_055
9:46895108,SG_4_056
4:49849741,SG_4_057
4:51187547,SG_4_058
16:26897115,SG_4_059
4:51343606,SG_4_060
4:51525304,SG_4_061
4:51324549,SG_4_062
4:50998285,SG_4_063
4:50713312,SG_4_064
4:52724480,SG_4_065
4:50779158,SG_4_066
4:51532052,SG_4_067
4:51197239,SG_4_068
8:45726224,SG_4_069
12:33114328,SG_4_070
4:51435668,SG_4_071
12:33118551,SG_4_072
4:51179743,SG_4_073
2:27036408,SG_4_074
4:56219512,SG_4_075
6:31536781,SG_4_076
4:67820241,SG_4_077
7:1298856,SG_4_078
4:69317182,SG_4_079
8:47342506,SG_4_080
1:72254624,SG_4_081
4:62688882,SG_4_082
4:69450355,SG_4_083
4:57282117,SG_4_084
4:72372162,SG_4_085
4:63610774,SG_4_086
4:2364743,SG_4_087
16:29456389,SG_4_088
11:64085401,SG_4_089
16:29451627,SG_4_090
4:73870042,SG_4_091
11:64088618,SG_4_092
4:73321657,SG_4_093
4:55613283,SG_4_094
1:4980428,SG_4_095
3:12109549,SG_4_096
12:39698340,SG_4_097
4:63209955,SG_4_098
12:40158974,SG_4_099
12:40018949,SG_4_100
1:80479291,SG_4_101
4:62009207,SG_4_102
4:61970331,SG_4_103
9:57064183,SG_4_104
12:38343043,SG_4_105
12:38338716,SG_4_106
4:68177451,SG_4_107
4:76063007,SG_4_108
1:80548616,SG_4_109
1:80475107,SG_4_110
4:66621884,SG_4_111
12:22459630,SG_4_112
4:64885542,SG_4_113
4:64880678,SG_4_114
4:64865611,SG_4_115
4:64891441,SG_4_116
4:64919842,SG_4_117
4:64911582,SG_4_118
2:13192129,SG_4_119
4:64914931,SG_4_120
4:64902982,SG_4_121
2:26262023,SG_4_122
8:54143666,SG_4_123
4:62893818,SG_4_124
14:11583210,SG_4_125
4:65907505,SG_4_126
4:71729252,SG_4_127
12:42834732,SG_4_128
4:71647308,SG_4_129
9:38254864,SG_4_130
4:71651547,SG_4_131
12:46133764,SG_4_132
12:44205270,SG_4_133
12:44048929,SG_4_134
4:77718156,SG_4_135
12:34422967,SG_4_136
4:66476733,SG_4_137
13:4688027,SG_4_138
13:4690147,SG_4_139
12:44548948,SG_4_140
4:59533350,SG_4_141
1:82458814,SG_4_142
13:4625591,SG_4_143
4:54796759,SG_4_144
4:59346003,SG_4_145
12:42576886,SG_4_146
4:59660137,SG_4_147
5:40271085,SG_4_148
4:79613642,SG_4_149
4:79569638,SG_4_150
4:54778297,SG_4_151
2:42995823,SG_4_152
4:83122406,SG_4_153
4:83174521,SG_4_154
4:81662588,SG_4_155
4:83200925,SG_4_156
4:83203806,SG_4_157
4:81736820,SG_4_158
4:83160378,SG_4_159
4:83779825,SG_4_160
4:80961628,SG_4_161
4:81706051,SG_4_162
4:81712300,SG_4_163
4:83125202,SG_4_164
12:33143926,SG_4_165
4:81751122,SG_4_166
4:79812961,SG_4_167
4:25291802,SG_4_168
4:81689196,SG_4_169
4:82473224,SG_4_170
9:43982011,SG_5_001
14:11966043,SG_5_002
9:44210662,SG_5_003
9:44044490,SG_5_004
9:44329619,SG_5_005
9:44355949,SG_5_006
9:44326627,SG_5_007
13:14751901,SG_5_008
6:13577898,SG_5_009
13:14748543,SG_5_010
9:60833873,SG_5_011
6:13562516,SG_5_012
13:14762249,SG_5_013
13:1138937,SG_5_014
13:14767264,SG_5_015
13:3841468,SG_5_016
2:50807786,SG_5_017
2:50884744,SG_5_018
2:50846970,SG_5_019
6:38957298,SG_5_020
2:50889390,SG_5_021
2:50898536,SG_5_022
2:17292077,SG_5_023
6:38983615,SG_5_024
6:38782936,SG_5_025
5:3091639,SG_5_026
5:2851543,SG_5_027
5:2896986,SG_5_028
12:18197705,SG_5_029
5:2789173,SG_5_030
13:10519969,SG_5_031
11:32095183,SG_5_032
13:11227907,SG_5_033
1:90099257,SG_5_034
13:18363562,SG_5_035
8:8416526,SG_5_036
10:11974731,SG_5_037
13:18366155,SG_5_038
5:3379006,SG_5_039
5:4944669,SG_5_040
3:17506886,SG_5_041
5:4210583,SG_5_042
5:4207350,SG_5_043
5:4213836,SG_5_044
5:4874475,SG_5_045
9:43353439,SG_5_046
3:51805359,SG_5_047
5:12601011,SG_5_048
5:12557744,SG_5_049
5:10885918,SG_5_050
3:55335978,SG_5_051
5:12174860,SG_5_052
3:55694859,SG_5_053
5:22878610,SG_5_054
5:14578620,SG_5_055
3:60744416,SG_5_056
5:17033042,SG_5_057
5:20770235,SG_5_058
5:20930895,SG_5_059
5:25718842,SG_5_060
5:23213400,SG_5_061
1:80633112,SG_5_062
5:23207489,SG_5_063
5:24884499,SG_5_064
1:71017788,SG_5_065
1:71010463,SG_5_066
5:24894211,SG_5_067
8:17054931,SG_5_068
2:42590224,SG_5_069
1:15537352,SG_5_070
8:44487164,SG_5_071
12:19573583,SG_5_072
1:46021501,SG_5_073
1:64954174,SG_5_074
5:30254383,SG_5_075
1:49053435,SG_5_076
5:32248981,SG_5_077
1:57279531,SG_5_078
1:57268521,SG_5_079
5:35678446,SG_5_080
8:12354587,SG_5_081
3:53395374,SG_5_082
1:70121195,SG_5_083
5:36145135,SG_5_084
7:2772828,SG_5_085
8:12168810,SG_5_086
9:21350658,SG_5_087
9:51048236,SG_5_088
5:36768399,SG_5_089
4:41932007,SG_5_090
4:131140,SG_5_091
9:51100281,SG_5_092
9:51131185,SG_5_093
2:4745590,SG_5_094
3:17344722,SG_5_095
4:45122679,SG_5_096
1:69417079,SG_5_097
13:40268467,SG_5_098
1:69498958,SG_5_099
1:5104097,SG_5_100
1:5157522,SG_5_101
5:43999764,SG_5_102
1:5160601,SG_5_103
5:45334125,SG_5_104
13:39902459,SG_5_105
3:2031827,SG_5_106
5:45008526,SG_5_107
10:28846204,SG_5_108
10:23671367,SG_5_109
5:46278278,SG_5_110
5:46347023,SG_5_111
5:46425269,SG_5_112
5:45387657,SG_5_113
10:23839674,SG_5_114
5:46580343,SG_5_115
5:47567229,SG_5_116
5:46554753,SG_5_117
5:46411762,SG_5_118
2:23228301,SG_5_119
13:39270070,SG_5_120
5:46314491,SG_5_121
3:50899824,SG_5_122
1:2077427,SG_6_001
5:6351284,SG_6_002
4:74041678,SG_6_003
16:43728133,SG_6_004
6:30965680,SG_6_005
6:932937,SG_6_006
15:34052690,SG_6_007
4:74356851,SG_6_008
12:35368212,SG_6_009
4:74107664,SG_6_010
4:74361903,SG_6_011
1:88298594,SG_6_012
8:21024867,SG_6_013
1:88293831,SG_6_014
2:16868149,SG_6_015
1:90823898,SG_6_016
14:2810175,SG_6_017
14:2858034,SG_6_018
14:2924238,SG_6_019
14:2800602,SG_6_020
9:10567425,SG_6_021
14:2791542,SG_6_022
9:10577366,SG_6_023
14:2950802,SG_6_024
14:2854972,SG_6_025
4:37906158,SG_6_026
4:37613255,SG_6_027
6:2386561,SG_6_028
5:42596064,SG_6_029
4:38211289,SG_6_030
5:42621421,SG_6_031
6:2445294,SG_6_032
6:2282979,SG_6_033
5:42651184,SG_6_034
2:48466162,SG_6_035
1:57392789,SG_6_036
12:3443272,SG_6_037
8:49799359,SG_6_038
16:3128574,SG_6_039
8:49957656,SG_6_040
13:25998726,SG_6_041
4:19795840,SG_6_042
6:3704369,SG_6_043
1:19144706,SG_6_044
1:19128260,SG_6_045
6:4189901,SG_6_046
6:4162987,SG_6_047
11:15064382,SG_6_048
6:5728402,SG_6_049
13:38580885,SG_6_050
13:3076862,SG_6_051
6:5361808,SG_6_052
9:5500059,SG_6_053
16:39247645,SG_6_054
2:5054857,SG_6_055
12:32698961,SG_6_056
6:5055696,SG_6_057
6:7624735,SG_6_058
16:39243215,SG_6_059
1:74225488,SG_6_060
16:22354126,SG_6_061
4:31137353,SG_6_062
8:42318675,SG_6_063
6:12652965,SG_6_064
8:42323421,SG_6_065
15:26249351,SG_6_066
14:16169221,SG_6_067
6:13775248,SG_6_068
6:16300106,SG_6_069
6:16213835,SG_6_070
6:16288062,SG_6_071
6:16267179,SG_6_072
6:17818623,SG_6_073
6:17223204,SG_6_074
6:17229841,SG_6_075
6:16129339,SG_6_076
6:17274349,SG_6_077
6:17710584,SG_6_078
11:2492600,SG_6_079
10:34895082,SG_6_080
10:34893018,SG_6_081
2:52988966,SG_6_082
1:55323534,SG_6_083
16:29185371,SG_6_084
6:17943329,SG_6_085
11:30130370,SG_6_086
14:24679851,SG_6_087
1:4615612,SG_6_088
16:40700834,SG_6_089
4:69597562,SG_6_090
5:37649947,SG_6_091
6:18289424,SG_6_092
4:32420097,SG_6_093
6:19115881,SG_6_094
6:19184819,SG_6_095
4:35132659,SG_6_096
6:18418652,SG_6_097
6:19130475,SG_6_098
12:50354342,SG_6_099
6:19481412,SG_6_100
10:24600411,SG_6_101
3:35257879,SG_6_102
10:24084302,SG_6_103
11:60173489,SG_6_104
3:203206,SG_6_105
6:21128679,SG_6_106
6:23276389,SG_6_107
14:23497690,SG_6_108
6:26344682,SG_6_109
13:30005460,SG_6_110
13:29943293,SG_6_111
6:26483673,SG_6_112
6:24983786,SG_6_113
15:24657827,SG_6_114
6:24848418,SG_6_115
6:26303925,SG_6_116
6:24138281,SG_6_117
14:27445700,SG_6_118
6:25426202,SG_6_119
5:36862087,SG_6_120
12:27095248,SG_6_121
6:27503567,SG_6_122
14:29226109,SG_6_123
7:8140797,SG_6_124
14:29085523,SG_6_125
14:29078251,SG_6_126
14:29242994,SG_6_127
4:53452385,SG_6_128
15:13186532,SG_6_129
7:8134312,SG_6_130
6:38543302,SG_6_131
6:38519904,SG_6_132
1:31131810,SG_6_133
6:34038926,SG_6_134
6:37282267,SG_6_135
6:36339708,SG_6_136
11:24601891,SG_6_137
6:29900544,SG_6_138
6:36589794,SG_6_139
12:1340213,SG_6_140
6:36710931,SG_6_141
6:29879972,SG_6_142
6:37106370,SG_6_143
6:37023725,SG_6_144
6:36763963,SG_6_145
14:29479555,SG_6_146
6:32904280,SG_6_147
4:81892901,SG_6_148
6:32931613,SG_6_149
6:32897706,SG_6_150
14:31852004,SG_6_151
7:23872121,SG_7_001
15:7550189,SG_7_002
7:23836873,SG_7_003
7:21906244,SG_7_004
7:24017537,SG_7_005
7:23869136,SG_7_006
7:16201840,SG_7_007
4:63418601,SG_7_008
9:14052724,SG_7_009
6:36241387,SG_7_010
12:19263161,SG_7_011
9:47898982,SG_7_012
9:14224700,SG_7_013
4:41248666,SG_7_014
1:12636544,SG_7_015
16:18873980,SG_7_016
4:41239514,SG_7_017
7:28763325,SG_7_018
4:84376363,SG_7_019
9:13810436,SG_7_020
8:22625723,SG_7_021
7:32189656,SG_7_022
1:21935569,SG_7_023
7:39809718,SG_7_024
7:40914429,SG_7_025
7:41151480,SG_7_026
13:8869976,SG_7_027
4:79719441,SG_7_028
3:72289104,SG_7_029
4:12365209,SG_7_030
1:8027009,SG_7_031
16:23479272,SG_7_032
7:45414013,SG_7_033
2:11709273,SG_7_034
7:45510178,SG_7_035
7:43531207,SG_7_036
7:43519101,SG_7_037
7:51742180,SG_7_038
15:20559478,SG_7_039
15:20566673,SG_7_040
6:36250058,SG_7_041
6:8609878,SG_7_042
7:48007929,SG_7_043
7:48118336,SG_7_044
7:50386230,SG_7_045
16:13366514,SG_7_046
7:48079844,SG_7_047
7:46567025,SG_7_048
7:50878901,SG_7_049
12:11782003,SG_7_050
12:11813492,SG_7_051
1:27227120,SG_7_052
1:27797016,SG_7_053
1:27773372,SG_7_054
1:27788463,SG_7_055
1:27219384,SG_7_056
2:37429117,SG_7_057
1:27237165,SG_7_058
1:27623384,SG_7_059
1:27203774,SG_7_060
8:11108735,SG_8_001
16:153879,SG_8_002
16:120842,SG_8_003
3:24460660,SG_8_004
3:24441612,SG_8_005
1:76575801,SG_8_006
9:32086485,SG_8_007
3:24444933,SG_8_008
5:45301114,SG_8_009
8:7255573,SG_8_010
14:30570744,SG_8_011
8:10663539,SG_8_012
8:10690814,SG_8_013
4:33706229,SG_8_014
8:3074020,SG_8_015
8:3287777,SG_8_016
8:3323297,SG_8_017
8:3568696,SG_8_018
16:9723253,SG_8_019
8:1378748,SG_8_020
4:59689850,SG_8_021
4:59676731,SG_8_022
8:1836281,SG_8_023
8:12911127,SG_8_024
8:15348425,SG_8_025
2:43577988,SG_8_026
5:32180397,SG_8_027
8:35352377,SG_8_028
13:4316476,SG_8_029
12:43434052,SG_8_030
12:43462005,SG_8_031
13:24987411,SG_8_032
6:4290974,SG_8_033
12:20239986,SG_8_034
16:15698827,SG_8_035
16:15693842,SG_8_036
12:20254636,SG_8_037
12:20242993,SG_8_038
12:20137997,SG_8_039
6:4295572,SG_8_040
8:14526318,SG_8_041
12:20117721,SG_8_042
8:14639913,SG_8_043
1:73062464,SG_8_044
15:4312433,SG_8_045
1:73059014,SG_8_046
15:890057,SG_8_047
8:24860112,SG_8_048
8:24001603,SG_8_049
8:24012283,SG_8_050
6:29424914,SG_8_051
8:30193009,SG_8_052
8:23184561,SG_8_053
16:19901643,SG_8_054
16:19898402,SG_8_055
8:26413433,SG_8_056
8:26397351,SG_8_057
8:26545939,SG_8_058
5:39588264,SG_8_059
8:26639232,SG_8_060
1:20484916,SG_8_061
6:20221200,SG_8_062
6:20344774,SG_8_063
4:32257142,SG_8_064
8:32802804,SG_8_065
8:32711367,SG_8_066
8:32364223,SG_8_067
8:32357951,SG_8_068
4:32243840,SG_8_069
5:2065439,SG_8_070
11:3218716,SG_8_071
8:39569927,SG_8_072
11:3054436,SG_8_073
11:2790172,SG_8_074
4:76734810,SG_8_075
8:36247628,SG_8_076
3:30661990,SG_8_077
5:8990318,SG_8_078
4:11233118,SG_8_079
11:2943463,SG_8_080
11:2794791,SG_8_081
9:2378979,SG_8_082
7:7615595,SG_8_083
8:43107531,SG_8_084
15:6259064,SG_8_085
8:43928169,SG_8_086
16:27810609,SG_8_087
8:43778381,SG_8_088
16:28143993,SG_8_089
14:11190817,SG_8_090
8:47095870,SG_8_091
8:47279019,SG_8_092
8:47079630,SG_8_093
8:46913705,SG_8_094
8:46240302,SG_8_095
8:46340139,SG_8_096
4:28380103,SG_8_097
8:46334710,SG_8_098
8:46867343,SG_8_099
12:38434736,SG_8_100
8:52699582,SG_8_101
8:10557282,SG_8_102
14:2453406,SG_8_103
6:20478804,SG_8_104
5:35584796,SG_8_105
12:38674739,SG_8_106
14:2455746,SG_8_107
2:3676022,SG_8_108
15:14645750,SG_8_109
2:52859923,SG_8_110
11:32280337,SG_8_111
8:53653082,SG_8_112
11:51069571,SG_8_113
11:51083842,SG_8_114
3:7203861,SG_8_115
9:29047540,SG_8_116
8:55002729,SG_8_117
8:54669758,SG_8_118
3:7233098,SG_8_119
8:55188557,SG_8_120
8:34988667,SG_8_121
8:34995936,SG_8_122
3:7212866,SG_8_123
8:55065810,SG_8_124
8:54421781,SG_8_125
9:29002337,SG_8_126
8:54432518,SG_8_127
8:55616218,SG_8_128
13:28631163,SG_8_129
8:55822711,SG_8_130
8:55774227,SG_8_131
8:55836398,SG_8_132
8:55957541,SG_8_133
9:60363082,SG_8_134
8:56154248,SG_8_135
8:56124368,SG_8_136
1:8295929,SG_8_137
9:60385182,SG_8_138
9:60378783,SG_8_139
16:40380315,SG_8_140
16:40438164,SG_8_141
16:40783140,SG_8_142
16:40401593,SG_8_143
16:40589957,SG_8_144
16:40774539,SG_8_145
8:59593260,SG_8_146
16:40478143,SG_8_147
1:42163953,SG_8_148
8:57914338,SG_8_149
8:61575962,SG_8_150
8:61047394,SG_8_151
3:1472125,SG_8_152
8:60634693,SG_8_153
8:61377601,SG_8_154
3:1407521,SG_8_155
3:1457221,SG_8_156
3:1404264,SG_8_157
11:47139064,SG_8_158
3:1466997,SG_8_159
11:47148147,SG_8_160
16:46152410,SG_8_161
2:38154849,SG_8_162
16:45597847,SG_8_163
8:62636997,SG_8_164
8:57107846,SG_8_165
16:20969741,SG_8_166
16:46220683,SG_8_167
7:41667856,SG_8_168
16:46169693,SG_8_169
16:42665741,SG_8_170
8:61984952,SG_8_171
8:62989026,SG_8_172
8:63046484,SG_8_173
8:63123680,SG_8_174
16:46044278,SG_8_175
8:63127966,SG_8_176
8:61996939,SG_8_177
8:61981784,SG_8_178
1:2402844,SG_9_001
1:2413921,SG_9_002
2:5152584,SG_9_003
1:2263218,SG_9_004
9:3418394,SG_9_005
1:3805739,SG_9_006
9:4256980,SG_9_007
1:31015472,SG_9_008
9:8256294,SG_9_009
9:7928420,SG_9_010
9:7919834,SG_9_011
9:8993132,SG_9_012
1:16949283,SG_9_013
1:15297495,SG_9_014
9:6998378,SG_9_015
9:14658828,SG_9_016
9:12685320,SG_9_017
9:10071942,SG_9_018
1:13428054,SG_9_019
7:13944336,SG_9_020
2:23459434,SG_9_021
9:11405230,SG_9_022
2:23448625,SG_9_023
1:20036679,SG_9_024
1:20030162,SG_9_025
9:13445539,SG_9_026
9:16750327,SG_9_027
1:25065517,SG_9_028
3:21315862,SG_9_029
1:41137310,SG_9_030
1:43957335,SG_9_031
5:31675367,SG_9_032
1:73932383,SG_9_033
10:28768198,SG_9_034
9:31372910,SG_9_035
16:1498562,SG_9_036
5:20448874,SG_9_037
9:32987578,SG_9_038
3:2799123,SG_9_039
7:13801622,SG_9_040
2:39305456,SG_9_041
2:39224193,SG_9_042
9:22717093,SG_9_043
9:34203090,SG_9_044
8:48596223,SG_9_045
1:51723126,SG_9_046
9:33324837,SG_9_047
8:25488951,SG_9_048
7:36011233,SG_9_049
9:39577355,SG_9_050
11:13932038,SG_9_051
13:7183846,SG_9_052
1:82841023,SG_9_053
1:61323471,SG_9_054
1:61331260,SG_9_055
10:28288729,SG_9_056
14:28115870,SG_9_057
1:63645812,SG_9_058
16:18315245,SG_9_059
16:18321243,SG_9_060
9:44742618,SG_9_061
9:45459223,SG_9_062
15:28717267,SG_9_063
5:30958300,SG_9_064
13:34636089,SG_9_065
13:36110036,SG_9_066
8:22807926,SG_9_067
15:33469118,SG_9_068
12:6049756,SG_9_069
9:49428240,SG_9_070
1:67175015,SG_9_071
1:67186377,SG_9_072
1:72325288,SG_9_073
9:51361506,SG_9_074
9:51379578,SG_9_075
6:11355315,SG_9_076
5:6039249,SG_9_077
4:76500034,SG_9_078
9:39184275,SG_9_079
1:43561354,SG_9_080
2:39088978,SG_9_081
8:78766,SG_9_082
9:51486144,SG_9_083
6:11352452,SG_9_084
14:27576616,SG_9_085
14:7459485,SG_9_086
14:7462787,SG_9_087
6:11357460,SG_9_088
9:50812526,SG_9_089
1:75455670,SG_9_090
9:50987958,SG_9_091
1:4070779,SG_9_092
1:74443485,SG_9_093
9:51030547,SG_9_094
2:52628015,SG_9_095
2:52608689,SG_9_096
9:50792815,SG_9_097
9:55378476,SG_9_098
6:10461299,SG_9_099
9:51298086,SG_9_100
13:16500227,SG_9_101
9:51272283,SG_9_102
9:55368755,SG_9_103
9:55159113,SG_9_104
9:56247502,SG_9_105
13:16183868,SG_9_106
9:55177818,SG_9_107
9:55188684,SG_9_108
6:16768137,SG_9_109
9:56240364,SG_9_110
13:16188866,SG_9_111
9:55977892,SG_9_112
9:57472559,SG_9_113
3:59830170,SG_9_114
9:56525818,SG_9_115
9:55855681,SG_9_116
9:57424839,SG_9_117
9:57671558,SG_9_118
9:36402558,SG_9_119
1:79882703,SG_9_120
9:57304411,SG_9_121
9:57322232,SG_9_122
9:57412698,SG_9_123
9:57314322,SG_9_124
9:55766656,SG_9_125
9:57356415,SG_9_126
9:57410104,SG_9_127
1:86148244,SG_9_128
1:86923251,SG_9_129
1:87317075,SG_9_130
1:87411431,SG_9_131
1:81325112,SG_9_132
4:10599664,SG_9_133
1:81285853,SG_9_134
1:81276682,SG_9_135
1:89534467,SG_9_136
1:81265601,SG_9_137
1:58797651,SG_9_138
1:58761564,SG_9_139
1:58804748,SG_9_140
12:19458028,SG_9_141
1:89554699,SG_9_142
3:24232430,SG_9_143
1:89600925,SG_9_144
1:89608232,SG_9_145
1:81335722,SG_9_146
1:58878514,SG_9_147
1:89625376,SG_9_148
13:10542471,SG_9_149
1:89627709,SG_9_150
1:89566222,SG_9_151
9:61492433,SG_9_152
9:61644130,SG_9_153
1:89562478,SG_9_154
9:61547487,SG_9_155
1:81327292,SG_9_156
9:59673579,SG_9_157
9:61241478,SG_9_158
1:80082151,SG_9_159
1:91712849,SG_9_160
8:44166509,SG_9_161
9:62172089,SG_9_162
1:80176225,SG_9_163
1:94077657,SG_9_164
10:25609272,SG_9_165
1:94553306,SG_9_166
1:80075865,SG_9_167
1:93856717,SG_9_168
1:94024325,SG_9_169
10:32783705,SG_9_170
10:32776727,SG_9_171
1:80004204,SG_9_172
1:93878167,SG_9_173
10:32798153,SG_9_174
3:63667969,SG_9_175
3:63724084,SG_9_176
9:58158974,SG_9_177
10:32769022,SG_9_178
1:95872110,SG_9_179
10:32830109,SG_9_180
10:25606757,SG_9_181
2:11108025,SG_9_182
1:94265974,SG_9_183
3:63735564,SG_9_184
1:93955118,SG_9_185
5:2491099,SG_9_186
1:93821480,SG_9_187
5:1557856,SG_9_188
5:1569187,SG_9_189
10:38956942,SG_9_190
2:1779905,SG_10_001
3:53090323,SG_10_002
2:1644954,SG_10_003
12:22407121,SG_10_004
2:7862321,SG_10_005
3:52945560,SG_10_006
2:1439471,SG_10_007
1:8976535,SG_10_008
2:1862310,SG_10_009
2:721048,SG_10_010
4:51299079,SG_10_011
10:7084998,SG_10_012
2:1421766,SG_10_013
2:2115437,SG_10_014
10:1835198,SG_10_015
10:1763912,SG_10_016
2:3195052,SG_10_017
5:47713429,SG_10_018
2:7811672,SG_10_019
10:164284,SG_10_020
10:14040,SG_10_021
2:3558462,SG_10_022
10:3021189,SG_10_023
1:9111156,SG_10_024
5:47707360,SG_10_025
2:7874203,SG_10_026
2:4606005,SG_10_027
2:3935415,SG_10_028
10:4824447,SG_10_029
10:3642766,SG_10_030
2:8548325,SG_10_031
2:11184193,SG_10_032
10:5184667,SG_10_033
10:5121793,SG_10_034
2:11189182,SG_10_035
2:11293839,SG_10_036
13:3891503,SG_10_037
2:11972662,SG_10_038
9:41485073,SG_10_039
7:33018447,SG_10_040
7:33016282,SG_10_041
7:33013423,SG_10_042
1:6727553,SG_10_043
1:76724390,SG_10_044
10:7507542,SG_10_045
6:5178841,SG_10_046
7:51370648,SG_10_047
10:9233000,SG_10_048
6:23660239,SG_10_049
2:49947909,SG_10_050
2:49878873,SG_10_051
6:23628993,SG_10_052
10:11195267,SG_10_053
2:49831611,SG_10_054
2:49962376,SG_10_055
2:23692711,SG_10_056
2:23640038,SG_10_057
10:15977072,SG_10_058
2:23675767,SG_10_059
10:32866045,SG_10_060
10:16033761,SG_10_061
6:1291440,SG_10_062
2:21283244,SG_10_063
10:15874976,SG_10_064
12:26074882,SG_10_065
10:16021631,SG_10_066
10:16804122,SG_10_067
2:21486269,SG_10_068
2:21969359,SG_10_069
10:2779124,SG_10_070
2:26450271,SG_10_071
2:26454190,SG_10_072
10:20496766,SG_10_073
2:26613756,SG_10_074
4:83986428,SG_10_075
10:20404937,SG_10_076
6:22247148,SG_10_077
10:21730628,SG_10_078
2:30462916,SG_10_079
1:83070572,SG_10_080
10:22722532,SG_10_081
11:13705185,SG_10_082
3:5122819,SG_10_083
12:36528257,SG_10_084
11:48857563,SG_10_085
1:6509721,SG_10_086
7:29969150,SG_10_087
2:32704639,SG_10_088
10:28013669,SG_10_089
4:39358069,SG_10_090
6:17008073,SG_10_091
7:47825281,SG_10_092
2:46629469,SG_10_093
12:11602903,SG_10_094
1:17979066,SG_10_095
12:11584796,SG_10_096
1:17914576,SG_10_097
12:11559764,SG_10_098
15:23118798,SG_10_099
10:32087638,SG_10_100
10:31577074,SG_10_101
9:23631957,SG_10_102
5:2473197,SG_10_103
10:31586103,SG_10_104
10:18114315,SG_10_105
10:33914528,SG_10_106
10:31402333,SG_10_107
10:33870530,SG_10_108
2:49438565,SG_10_109
2:49388480,SG_10_110
10:34140626,SG_10_111
2:49427469,SG_10_112
10:26263877,SG_10_113
7:29772093,SG_10_114
10:36025786,SG_10_115
10:33417993,SG_10_116
8:37758273,SG_10_117
10:38491005,SG_10_118
10:10085064,SG_10_119
11:11928910,SG_10_120
11:405528,SG_11_001
11:427721,SG_11_002
6:1816309,SG_11_003
11:424487,SG_11_004
3:10116162,SG_11_005
3:565132,SG_11_006
11:6575573,SG_11_007
11:1510560,SG_11_008
3:6144048,SG_11_009
11:6967932,SG_11_010
11:6153874,SG_11_011
11:7780847,SG_11_012
11:8374537,SG_11_013
9:9129311,SG_11_014
11:19516797,SG_11_015
11:12035462,SG_11_016
11:16284568,SG_11_017
11:50649000,SG_11_018
11:10633347,SG_11_019
11:17787306,SG_11_020
5:30307058,SG_11_021
11:21944217,SG_11_022
5:30314840,SG_11_023
13:36278851,SG_11_024
9:21009838,SG_11_025
1:13800770,SG_11_026
9:21066231,SG_11_027
3:3572840,SG_11_028
9:51838354,SG_11_029
6:18313119,SG_11_030
11:21014028,SG_11_031
11:21035086,SG_11_032
10:20730030,SG_11_033
11:23061279,SG_11_034
2:45945954,SG_11_035
11:23044068,SG_11_036
3:1174219,SG_11_037
9:27236707,SG_11_038
2:10138565,SG_11_039
2:10164595,SG_11_040
2:10144494,SG_11_041
1:76518780,SG_11_042
2:10076361,SG_11_043
11:27761057,SG_11_044
3:29227878,SG_11_045
1:76524129,SG_11_046
3:31641965,SG_11_047
3:31960171,SG_11_048
3:31634936,SG_11_049
11:31209255,SG_11_050
3:43195360,SG_11_051
2:10117860,SG_11_052
11:31730199,SG_11_053
11:31891780,SG_11_054
11:31464349,SG_11_055
3:34097844,SG_11_056
15:8012701,SG_11_057
11:31180491,SG_11_058
11:31455928,SG_11_059
11:31828778,SG_11_060
4:75642400,SG_11_061
3:36105761,SG_11_062
3:33968555,SG_11_063
3:32537775,SG_11_064
3:34052926,SG_11_065
3:33983492,SG_11_066
3:36119414,SG_11_067
9:44127322,SG_11_068
11:32315742,SG_11_069
3:36077371,SG_11_070
11:33260896,SG_11_071
3:36073303,SG_11_072
12:44168709,SG_11_073
16:19126615,SG_11_074
3:36065716,SG_11_075
11:33244016,SG_11_076
11:35523527,SG_11_077
1:17610831,SG_11_078
3:36356783,SG_11_079
16:14281871,SG_11_080
3:36098905,SG_11_081
12:44158099,SG_11_082
11:35373935,SG_11_083
3:36474908,SG_11_084
11:35371597,SG_11_085
11:35531738,SG_11_086
5:47516846,SG_11_087
11:36600521,SG_11_088
7:31080160,SG_11_089
4:42694943,SG_11_090
1:87919561,SG_11_091
3:42363807,SG_11_092
3:40537463,SG_11_093
2:38822938,SG_11_094
3:42130179,SG_11_095
11:38148820,SG_11_096
3:42114554,SG_11_097
11:37967183,SG_11_098
11:37899096,SG_11_099
11:36870080,SG_11_100
11:37959446,SG_11_101
11:37948486,SG_11_102
3:43059858,SG_11_103
11:38752581,SG_11_104
11:37915596,SG_11_105
11:37065374,SG_11_106
6:38838294,SG_11_107
11:30566263,SG_11_108
11:37896145,SG_11_109
6:38852275,SG_11_110
11:39208042,SG_11_111
11:6308758,SG_11_112
3:43489105,SG_11_113
10:10655399,SG_11_114
3:17815061,SG_11_115
4:62379891,SG_11_116
1:17818814,SG_11_117
4:79383628,SG_11_118
3:48026227,SG_11_119
11:40793705,SG_11_120
3:17877936,SG_11_121
10:10648938,SG_11_122
11:40888063,SG_11_123
11:41351540,SG_11_124
11:52738651,SG_11_125
11:19259028,SG_11_126
11:19268294,SG_11_127
11:38696016,SG_11_128
11:4243250,SG_11_129
9:7796083,SG_11_130
3:35673952,SG_11_131
3:52874521,SG_11_132
4:59051796,SG_11_133
8:47845700,SG_11_134
12:17123560,SG_11_135
11:47183148,SG_11_136
11:46958772,SG_11_137
11:46881163,SG_11_138
11:47380388,SG_11_139
11:47566402,SG_11_140
11:46293501,SG_11_141
14:25341500,SG_11_142
11:46193371,SG_11_143
11:51179220,SG_11_144
11:46300565,SG_11_145
8:13448744,SG_11_146
8:27892722,SG_11_147
11:49714366,SG_11_148
3:57517596,SG_11_149
11:49382458,SG_11_150
1:94944695,SG_11_151
9:21886299,SG_11_152
3:57557204,SG_11_153
11:51411808,SG_11_154
3:57548673,SG_11_155
11:49534853,SG_11_156
6:559603,SG_11_157
6:33876554,SG_11_158
6:565352,SG_11_159
11:53605905,SG_11_160
3:57421108,SG_11_161
5:43342571,SG_11_162
11:55900365,SG_11_163
11:55808028,SG_11_164
11:56281846,SG_11_165
8:12472709,SG_11_166
8:12475695,SG_11_167
11:56311979,SG_11_168
11:56372497,SG_11_169
3:64585924,SG_11_170
7:35534102,SG_11_171
14:452165,SG_11_172
11:54960726,SG_11_173
4:39925159,SG_11_174
7:35538797,SG_11_175
3:24740967,SG_11_176
11:54887331,SG_11_177
14:416402,SG_11_178
3:64588667,SG_11_179
14:482749,SG_11_180
6:36461890,SG_11_181
14:498008,SG_11_182
6:36780085,SG_11_183
3:68597002,SG_11_184
9:56677181,SG_11_185
6:36818296,SG_11_186
11:56631671,SG_11_187
6:36837901,SG_11_188
3:69663945,SG_11_189
6:36828065,SG_11_190
15:34731838,SG_11_191
6:36786192,SG_11_192
3:69723025,SG_11_193
3:70796320,SG_11_194
3:69701899,SG_11_195
3:66832849,SG_11_196
5:23297865,SG_11_197
11:63173366,SG_11_198
3:69709907,SG_11_199
3:69681651,SG_11_200
3:9869225,SG_11_201
11:65078950,SG_11_202
3:66820398,SG_11_203
11:59198221,SG_11_204
11:64915209,SG_11_205
12:777626,SG_12_001
12:36676387,SG_12_002
12:745473,SG_12_003
12:279138,SG_12_004
4:1339075,SG_12_005
12:8952825,SG_12_006
16:27696464,SG_12_007
7:5739662,SG_12_008
12:36655182,SG_12_009
12:720791,SG_12_010
9:30070877,SG_12_011
5:3066725,SG_12_012
12:787349,SG_12_013
12:36666469,SG_12_014
11:22920711,SG_12_015
12:36673845,SG_12_016
7:5703407,SG_12_017
12:8910277,SG_12_018
4:1025016,SG_12_019
12:435663,SG_12_020
9:20459800,SG_12_021
3:74041367,SG_12_022
12:7535749,SG_12_023
12:2666872,SG_12_024
12:2679170,SG_12_025
12:2146645,SG_12_026
3:73894300,SG_12_027
9:239650,SG_12_028
12:2494257,SG_12_029
12:2302898,SG_12_030
3:66466366,SG_12_031
14:3272501,SG_12_032
4:3230713,SG_12_033
9:1725171,SG_12_034
12:4286998,SG_12_035
9:190667,SG_12_036
4:5872211,SG_12_037
9:541672,SG_12_038
12:4284056,SG_12_039
11:17957376,SG_12_040
12:6207869,SG_12_041
13:40619724,SG_12_042
12:6173086,SG_12_043
16:19460545,SG_12_044
3:67210114,SG_12_045
11:17544070,SG_12_046
12:3659212,SG_12_047
11:17591563,SG_12_048
11:17603374,SG_12_049
4:13236060,SG_12_050
12:45016545,SG_12_051
12:3586691,SG_12_052
4:5935598,SG_12_053
12:3012050,SG_12_054
12:8186771,SG_12_055
4:7988793,SG_12_056
4:7922553,SG_12_057
10:19215565,SG_12_058
12:6922393,SG_12_059
12:8171995,SG_12_060
4:8005938,SG_12_061
4:7071859,SG_12_062
4:9035400,SG_12_063
4:7971944,SG_12_064
4:9045509,SG_12_065
10:19195780,SG_12_066
12:4839868,SG_12_067
4:10489732,SG_12_068
15:14414971,SG_12_069
4:11051906,SG_12_070
12:8698257,SG_12_071
12:46549937,SG_12_072
4:11858245,SG_12_073
4:12209794,SG_12_074
15:14354403,SG_12_075
12:8507831,SG_12_076
9:39359912,SG_12_077
4:5493724,SG_12_078
1:60660798,SG_12_079
12:8312529,SG_12_080
12:9298034,SG_12_081
12:9282563,SG_12_082
12:8510620,SG_12_083
12:8231160,SG_12_084
12:9288791,SG_12_085
12:8532391,SG_12_086
4:12183438,SG_12_087
12:46528106,SG_12_088
12:9265993,SG_12_089
4:78961910,SG_12_090
12:11500596,SG_12_091
4:78923982,SG_12_092
4:78921122,SG_12_093
10:15255273,SG_12_094
12:9273422,SG_12_095
13:6141771,SG_12_096
4:69957031,SG_12_097
3:26550823,SG_12_098
11:15874805,SG_12_099
11:15846361,SG_12_100
12:12770490,SG_12_101
4:18672862,SG_12_102
12:12275002,SG_12_103
8:32096560,SG_12_104
12:12548239,SG_12_105
12:13770743,SG_12_106
12:13743154,SG_12_107
4:22246164,SG_12_108
12:14543563,SG_12_109
4:14159763,SG_12_110
3:4515249,SG_12_111
12:15749892,SG_12_112
4:27694339,SG_12_113
13:8187850,SG_12_114
4:27670003,SG_12_115
12:16617352,SG_12_116
15:11847034,SG_12_117
2:11866151,SG_12_118
12:18982059,SG_12_119
12:20352117,SG_12_120
2:39395467,SG_12_121
8:38023832,SG_12_122
12:21928252,SG_12_123
8:38046242,SG_12_124
8:8018151,SG_12_125
16:727165,SG_12_126
4:35622624,SG_12_127
12:21355802,SG_12_128
4:35757334,SG_12_129
4:35329460,SG_12_130
4:35337663,SG_12_131
3:76257868,SG_12_132
9:14348614,SG_12_133
4:36679550,SG_12_134
4:39758917,SG_12_135
12:27780642,SG_12_136
12:29856000,SG_12_137
16:19158553,SG_12_138
4:44125614,SG_12_139
4:40090169,SG_12_140
4:43836251,SG_12_141
12:28586309,SG_12_142
12:30323982,SG_12_143
1:13975411,SG_12_144
3:43510942,SG_12_145
13:25521369,SG_12_146
7:25281215,SG_12_147
12:30327851,SG_12_148
16:34504805,SG_12_149
13:25497078,SG_12_150
16:34552791,SG_12_151
12:33946027,SG_12_152
1:8519105,SG_12_153
16:34377171,SG_12_154
16:26699067,SG_12_155
16:26744463,SG_12_156
12:31536209,SG_12_157
12:28932924,SG_12_158
12:28809108,SG_12_159
16:26701867,SG_12_160
12:33045852,SG_12_161
1:28307253,SG_12_162
9:24794734,SG_12_163
12:34563861,SG_12_164
4:9085379,SG_12_165
16:26977698,SG_12_166
9:45908781,SG_12_167
3:17893191,SG_12_168
16:26705095,SG_12_169
4:53347083,SG_12_170
16:15969098,SG_12_171
15:25614125,SG_12_172
10:20599449,SG_12_173
15:25760907,SG_12_174
6:22876347,SG_12_175
12:35592555,SG_12_176
12:5359168,SG_12_177
12:4873809,SG_12_178
1:87118009,SG_12_179
1:72773769,SG_12_180
13:13673011,SG_12_181
1:59907463,SG_12_182
1:72785991,SG_12_183
1:6036057,SG_12_184
12:36052352,SG_12_185
4:62719455,SG_12_186
12:36179462,SG_12_187
12:36922572,SG_12_188
10:5979248,SG_12_189
4:70275026,SG_12_190
4:71262432,SG_12_191
16:28465596,SG_12_192
16:28535548,SG_12_193
4:71033737,SG_12_194
4:67617463,SG_12_195
4:76452241,SG_12_196
4:68749811,SG_12_197
4:71968188,SG_12_198
4:68689974,SG_12_199
3:12174722,SG_12_200
12:39285444,SG_12_201
4:71511271,SG_12_202
12:39300256,SG_12_203
4:68723408,SG_12_204
13:3682273,SG_12_205
4:74934365,SG_12_206
13:3653000,SG_12_207
12:39902451,SG_12_208
12:39802251,SG_12_209
12:39091730,SG_12_210
4:61448406,SG_12_211
15:12254914,SG_12_212
12:42295486,SG_12_213
12:42303216,SG_12_214
12:46336357,SG_12_215
12:21637032,SG_12_216
12:46666952,SG_12_217
12:46111363,SG_12_218
9:33377779,SG_12_219
9:33490615,SG_12_220
12:34593800,SG_12_221
4:77631572,SG_12_222
12:44339119,SG_12_223
1:82346585,SG_12_224
4:77436489,SG_12_225
3:76281745,SG_12_226
4:59753463,SG_12_227
6:39677610,SG_12_228
2:42492525,SG_12_229
11:46368199,SG_12_230
12:50580626,SG_12_231
2:42445563,SG_12_232
12:47511371,SG_12_233
4:25639555,SG_12_234
12:47523956,SG_12_235
2:42508842,SG_12_236
4:25678661,SG_12_237
4:82519535,SG_12_238
12:46938170,SG_12_239
12:49081450,SG_12_240
5:9450067,SG_13_001
4:57903158,SG_13_002
3:43956738,SG_13_003
5:9585369,SG_13_004
5:9727854,SG_13_005
12:15791489,SG_13_006
5:9446892,SG_13_007
11:51515910,SG_13_008
5:9746198,SG_13_009
13:760107,SG_13_010
5:35760407,SG_13_011
13:591273,SG_13_012
13:584303,SG_13_013
13:639942,SG_13_014
1:51446696,SG_13_015
5:12997846,SG_13_016
11:33891463,SG_13_017
11:31364224,SG_13_018
13:1001840,SG_13_019
1:84675965,SG_13_020
11:31380473,SG_13_021
11:26408484,SG_13_022
13:5004885,SG_13_023
13:1719686,SG_13_024
13:7038883,SG_13_025
13:7070822,SG_13_026
13:6295376,SG_13_027
13:5905129,SG_13_028
7:48205174,SG_13_029
16:36206535,SG_13_030
3:73036601,SG_13_031
1:88687881,SG_13_032
13:8324297,SG_13_033
13:7870396,SG_13_034
13:7700594,SG_13_035
13:8337662,SG_13_036
1:13104150,SG_13_037
6:20417112,SG_13_038
1:21127339,SG_13_039
16:18117442,SG_13_040
10:17349298,SG_13_041
10:11515826,SG_13_042
2:29079128,SG_13_043
13:14129148,SG_13_044
4:70845358,SG_13_045
9:33894768,SG_13_046
13:14014925,SG_13_047
9:33924138,SG_13_048
1:7297432,SG_13_049
5:8441766,SG_13_050
13:13894869,SG_13_051
5:799639,SG_13_052
5:797440,SG_13_053
5:603865,SG_13_054
13:17084147,SG_13_055
13:15073993,SG_13_056
5:622283,SG_13_057
13:16997221,SG_13_058
11:53206172,SG_13_059
5:11464934,SG_13_060
12:16406897,SG_13_061
13:15933488,SG_13_062
11:53202884,SG_13_063
13:15924766,SG_13_064
13:17401312,SG_13_065
5:10014731,SG_13_066
11:54285413,SG_13_067
13:20111329,SG_13_068
13:20936734,SG_13_069
14:10507428,SG_13_070
4:19473116,SG_13_071
11:57374625,SG_13_072
11:57421559,SG_13_073
13:18834757,SG_13_074
2:33772566,SG_13_075
3:21976050,SG_13_076
11:31788738,SG_13_077
2:33454787,SG_13_078
5:22523003,SG_13_079
13:27657117,SG_13_080
13:28415310,SG_13_081
13:28426681,SG_13_082
5:18309149,SG_13_083
12:37152230,SG_13_084
13:28894046,SG_13_085
9:25680902,SG_13_086
9:47373054,SG_13_087
15:18808016,SG_13_088
13:30667522,SG_13_089
11:29411172,SG_13_090
13:30406241,SG_13_091
13:32574275,SG_13_092
13:40111895,SG_13_093
13:31767966,SG_13_094
12:22965044,SG_13_095
15:21678787,SG_13_096
15:21716354,SG_13_097
4:45617680,SG_13_098
13:36942589,SG_13_099
3:69133238,SG_13_100
13:33696063,SG_13_101
3:69060251,SG_13_102
13:34100988,SG_13_103
13:36447644,SG_13_104
13:36950812,SG_13_105
5:31184840,SG_13_106
5:36213209,SG_13_107
3:24141847,SG_13_108
13:36450788,SG_13_109
3:42387029,SG_13_110
8:12441014,SG_13_111
13:14225671,SG_13_112
4:61958218,SG_13_113
13:35178717,SG_13_114
4:61943688,SG_13_115
13:28320186,SG_13_116
15:19347489,SG_13_117
0:27371273,SG_13_118
14:13943766,SG_13_119
15:19540661,SG_13_120
11:28754657,SG_13_121
11:5890209,SG_13_122
15:19287908,SG_13_123
13:38237328,SG_13_124
4:44566807,SG_13_125
15:19554957,SG_13_126
1:29681382,SG_13_127
15:19279259,SG_13_128
2:10924566,SG_13_129
2:10958038,SG_13_130
3:65264002,SG_13_131
15:30020293,SG_13_132
13:37938784,SG_13_133
14:13855237,SG_13_134
2:10915811,SG_13_135
3:65289016,SG_13_136
13:37912400,SG_13_137
13:38245737,SG_13_138
12:5162947,SG_13_139
11:43868372,SG_13_140
12:2689777,SG_13_141
4:31041523,SG_13_142
11:28765986,SG_13_143
5:43050009,SG_13_144
3:50448200,SG_13_145
5:45539540,SG_13_146
5:43079281,SG_13_147
13:41634058,SG_13_148
13:41674197,SG_13_149
5:42999743,SG_13_150
5:44841923,SG_13_151
13:41663600,SG_13_152
5:45501374,SG_13_153
15:5861294,SG_13_154
6:249144,SG_14_001
3:26939149,SG_14_002
3:60017832,SG_14_003
14:1370803,SG_14_004
4:37914698,SG_14_005
14:2080332,SG_14_006
3:42951291,SG_14_007
4:37989743,SG_14_008
4:73302838,SG_14_009
5:42573906,SG_14_010
12:41706723,SG_14_011
5:42519214,SG_14_012
11:23963636,SG_14_013
14:2513841,SG_14_014
11:23975437,SG_14_015
12:11931805,SG_14_016
2:48747814,SG_14_017
14:2565908,SG_14_018
7:22284221,SG_14_019
7:22290526,SG_14_020
14:10216248,SG_14_021
11:62526662,SG_14_022
11:13221618,SG_14_023
14:8046796,SG_14_024
14:13660852,SG_14_025
14:9865881,SG_14_026
12:12164012,SG_14_027
12:12174773,SG_14_028
12:12171336,SG_14_029
5:2229593,SG_14_030
6:3534207,SG_14_031
6:4146548,SG_14_032
14:10411123,SG_14_033
14:10441954,SG_14_034
2:44298542,SG_14_035
14:12095087,SG_14_036
14:12107518,SG_14_037
14:12100109,SG_14_038
14:12088618,SG_14_039
14:12063300,SG_14_040
15:15560981,SG_14_041
6:18853091,SG_14_042
13:37836859,SG_14_043
14:21057630,SG_14_044
9:52739397,SG_14_045
14:21074117,SG_14_046
8:62063483,SG_14_047
1:84911452,SG_14_048
2:49164488,SG_14_049
9:52712988,SG_14_050
15:2015041,SG_14_051
7:18686063,SG_14_052
6:15775558,SG_14_053
14:19386179,SG_14_054
3:70996376,SG_14_055
6:15771321,SG_14_056
6:17879357,SG_14_057
14:19378885,SG_14_058
3:74557939,SG_14_059
14:25666760,SG_14_060
14:24319268,SG_14_061
14:24426539,SG_14_062
4:26864352,SG_14_063
14:24702435,SG_14_064
4:26800716,SG_14_065
16:39123696,SG_14_066
14:5958081,SG_14_067
4:20817469,SG_14_068
4:9254857,SG_14_069
6:24241025,SG_14_070
14:28013374,SG_14_071
14:5955064,SG_14_072
9:10240133,SG_14_073
9:10243107,SG_14_074
1:12464916,SG_14_075
14:28728614,SG_14_076
14:28966249,SG_14_077
1:89195724,SG_14_078
1:89198236,SG_14_079
14:28560784,SG_14_080
3:26530949,SG_14_081
2:33080519,SG_14_082
2:33071008,SG_14_083
5:12931446,SG_14_084
9:28679430,SG_14_085
12:41519256,SG_14_086
6:33701093,SG_14_087
1:41176017,SG_14_088
4:80535884,SG_14_089
6:33677722,SG_14_090
6:33690514,SG_14_091
6:33645165,SG_14_092
6:35567785,SG_14_093
6:37248590,SG_14_094
14:29762950,SG_14_095
6:28657568,SG_14_096
14:29868223,SG_14_097
14:29799330,SG_14_098
14:29577954,SG_14_099
14:29541348,SG_14_100
9:41739752,SG_14_101
6:35540092,SG_14_102
14:29859787,SG_14_103
14:29855118,SG_14_104
6:28651169,SG_14_105
14:30139227,SG_14_106
14:30052176,SG_14_107
14:29445681,SG_14_108
14:30349182,SG_14_109
14:29512594,SG_14_110
14:29473710,SG_14_111
10:15859428,SG_14_112
9:47292607,SG_14_113
9:47265578,SG_14_114
9:47297774,SG_14_115
10:5263741,SG_14_116
14:30556308,SG_14_117
14:29789692,SG_14_118
6:39552080,SG_14_119
14:30059420,SG_14_120
14:30766050,SG_14_121
10:408250,SG_15_001
10:460986,SG_15_002
15:18595189,SG_15_003
10:623367,SG_15_004
10:209001,SG_15_005
10:1635691,SG_15_006
10:1092673,SG_15_007
10:725661,SG_15_008
7:28140741,SG_15_009
13:6828273,SG_15_010
15:4745808,SG_15_011
13:6816535,SG_15_012
15:1508578,SG_15_013
9:27399387,SG_15_014
15:1661776,SG_15_015
15:1635552,SG_15_016
15:1632805,SG_15_017
15:1988987,SG_15_018
12:25588206,SG_15_019
2:22467490,SG_15_020
2:22527385,SG_15_021
2:22558868,SG_15_022
2:22446418,SG_15_023
15:3511683,SG_15_024
4:25497969,SG_15_025
4:36792913,SG_15_026
5:43747231,SG_15_027
1:42846040,SG_15_028
12:823490,SG_15_029
15:4151672,SG_15_030
15:4060674,SG_15_031
15:4148540,SG_15_032
15:2434224,SG_15_033
1:40390569,SG_15_034
1:40468583,SG_15_035
7:4569136,SG_15_036
1:40459543,SG_15_037
7:5414039,SG_15_038
7:3895023,SG_15_039
7:4804021,SG_15_040
15:11679834,SG_15_041
7:3943733,SG_15_042
15:11672473,SG_15_043
7:8229651,SG_15_044
8:60159188,SG_15_045
7:6594513,SG_15_046
7:10616823,SG_15_047
7:10596855,SG_15_048
7:7975104,SG_15_049
7:11097812,SG_15_050
15:7821962,SG_15_051
2:5359544,SG_15_052
2:5343136,SG_15_053
3:30166666,SG_15_054
2:5703411,SG_15_055
1:42194384,SG_15_056
2:6058202,SG_15_057
2:5500151,SG_15_058
11:8613229,SG_15_059
1:45445362,SG_15_060
2:5978775,SG_15_061
1:64637038,SG_15_062
14:15041299,SG_15_063
14:14997557,SG_15_064
12:38325842,SG_15_065
13:32414163,SG_15_066
8:21046214,SG_15_067
4:59827803,SG_15_068
15:6092614,SG_15_069
8:34276976,SG_15_070
7:30364777,SG_15_071
9:27885152,SG_15_072
15:8148795,SG_15_073
7:30942024,SG_15_074
15:9962706,SG_15_075
15:10352582,SG_15_076
15:7715396,SG_15_077
15:7615948,SG_15_078
15:13006679,SG_15_079
15:13230205,SG_15_080
15:10822867,SG_15_081
11:5061104,SG_15_082
7:49389992,SG_15_083
7:20684520,SG_15_084
7:20635566,SG_15_085
2:32435469,SG_15_086
4:59794978,SG_15_087
10:6366304,SG_15_088
15:29552641,SG_15_089
7:21469210,SG_15_090
1:95517659,SG_15_091
0:3829147,SG_15_092
11:12951583,SG_15_093
8:4720347,SG_15_094
3:71176178,SG_15_095
3:71744937,SG_15_096
3:71868047,SG_15_097
10:17897625,SG_15_098
10:17987540,SG_15_099
10:18395662,SG_15_100
10:18367752,SG_15_101
15:17460603,SG_15_102
16:26588645,SG_15_103
15:17467828,SG_15_104
7:34111585,SG_15_105
9:53788760,SG_15_106
15:16537433,SG_15_107
11:45152737,SG_15_108
15:22908455,SG_15_109
15:18977948,SG_15_110
15:18965373,SG_15_111
7:36845388,SG_15_112
1:20324118,SG_15_113
7:37527544,SG_15_114
7:37521064,SG_15_115
7:37511810,SG_15_116
1:20307611,SG_15_117
6:22467589,SG_15_118
14:699798,SG_15_119
14:638860,SG_15_120
15:23259035,SG_15_121
9:36607475,SG_15_122
9:57034284,SG_15_123
7:38586105,SG_15_124
7:40941140,SG_15_125
2:24856182,SG_15_126
5:45721828,SG_15_127
2:24848019,SG_15_128
8:52433083,SG_15_129
8:52429851,SG_15_130
7:43802327,SG_15_131
3:72314752,SG_15_132
15:27771761,SG_15_133
15:27776778,SG_15_134
11:64806331,SG_15_135
15:28309115,SG_15_136
15:28081275,SG_15_137
7:43283759,SG_15_138
8:60679576,SG_15_139
15:28507779,SG_15_140
15:27979277,SG_15_141
7:45755746,SG_15_142
16:34197925,SG_15_143
7:52460375,SG_15_144
15:29298959,SG_15_145
7:46489543,SG_15_146
7:49313751,SG_15_147
13:17528378,SG_15_148
7:46523652,SG_15_149
13:17580150,SG_15_150
7:49304386,SG_15_151
3:28951521,SG_15_152
13:17535223,SG_15_153
15:24541963,SG_15_154
7:47351553,SG_15_155
7:52903703,SG_15_156
7:52850650,SG_15_157
15:24478085,SG_15_158
13:35308234,SG_16_001
9:14894643,SG_16_002
9:14889922,SG_16_003
4:70104853,SG_16_004
16:2978970,SG_16_005
4:70101069,SG_16_006
16:61213,SG_16_007
16:6506788,SG_16_008
4:3592488,SG_16_009
4:3587611,SG_16_010
8:9168092,SG_16_011
4:3651727,SG_16_012
4:3608052,SG_16_013
16:5911305,SG_16_014
8:9143824,SG_16_015
6:14488004,SG_16_016
8:9138473,SG_16_017
16:5945859,SG_16_018
4:3623404,SG_16_019
8:5184049,SG_16_020
16:4327673,SG_16_021
16:5917292,SG_16_022
16:9736544,SG_16_023
16:7090321,SG_16_024
9:52855213,SG_16_025
16:24457656,SG_16_026
16:24281059,SG_16_027
16:24479237,SG_16_028
16:9854920,SG_16_029
16:12390071,SG_16_030
16:12423339,SG_16_031
15:13842818,SG_16_032
2:43244735,SG_16_033
16:13803730,SG_16_034
16:13769221,SG_16_035
16:13774679,SG_16_036
16:13761481,SG_16_037
12:48048974,SG_16_038
16:8912508,SG_16_039
10:36469603,SG_16_040
12:37273263,SG_16_041
1:25224134,SG_16_042
7:44771284,SG_16_043
1:25207540,SG_16_044
5:24226372,SG_16_045
15:21881765,SG_16_046
8:13847945,SG_16_047
11:7587573,SG_16_048
8:13535168,SG_16_049
14:20320328,SG_16_050
8:14960115,SG_16_051
8:14666516,SG_16_052
14:27377764,SG_16_053
14:27308726,SG_16_054
4:42414617,SG_16_055
4:42532145,SG_16_056
4:42394128,SG_16_057
16:14613707,SG_16_058
8:18258958,SG_16_059
8:18327894,SG_16_060
8:18170891,SG_16_061
8:18057773,SG_16_062
13:18454473,SG_16_063
16:16788135,SG_16_064
12:33435703,SG_16_065
8:21160234,SG_16_066
8:21164155,SG_16_067
8:30134128,SG_16_068
16:16846173,SG_16_069
16:19595092,SG_16_070
13:18525857,SG_16_071
16:16513077,SG_16_072
16:18006320,SG_16_073
9:23683215,SG_16_074
16:18131865,SG_16_075
16:19737514,SG_16_076
16:16400433,SG_16_077
13:18450638,SG_16_078
13:18508486,SG_16_079
16:19682937,SG_16_080
16:20411541,SG_16_081
8:21965415,SG_16_082
16:20303469,SG_16_083
3:74711638,SG_16_084
7:50801602,SG_16_085
8:22002919,SG_16_086
7:34182584,SG_16_087
4:72068326,SG_16_088
7:34222739,SG_16_089
8:27871506,SG_16_090
2:6944503,SG_16_091
2:46161720,SG_16_092
16:10800309,SG_16_093
3:15709926,SG_16_094
16:21852729,SG_16_095
4:74136824,SG_16_096
6:12122487,SG_16_097
16:22982836,SG_16_098
9:39873994,SG_16_099
9:39861065,SG_16_100
16:21708071,SG_16_101
16:23080979,SG_16_102
16:21820807,SG_16_103
16:22948196,SG_16_104
13:27802009,SG_16_105
16:22201480,SG_16_106
5:40440284,SG_16_107
8:41197078,SG_16_108
5:1484110,SG_16_109
16:21304583,SG_16_110
16:23849472,SG_16_111
8:41200677,SG_16_112
16:23857268,SG_16_113
14:27645525,SG_16_114
16:22561905,SG_16_115
16:22070671,SG_16_116
16:22687824,SG_16_117
16:26039575,SG_16_118
16:24583359,SG_16_119
11:23468334,SG_16_120
16:27316485,SG_16_121
16:27052537,SG_16_122
8:43629424,SG_16_123
9:1910231,SG_16_124
16:29758981,SG_16_125
8:154605,SG_16_126
8:118834,SG_16_127
8:123751,SG_16_128
16:33348755,SG_16_129
11:64330246,SG_16_130
16:33353012,SG_16_131
3:65865105,SG_16_132
8:130692,SG_16_133
10:30378449,SG_16_134
15:5242175,SG_16_135
10:30071638,SG_16_136
16:36576360,SG_16_137
8:50784351,SG_16_138
5:40219562,SG_16_139
1:11525500,SG_16_140
16:39039771,SG_16_141
15:5307687,SG_16_142
8:50749316,SG_16_143
3:16346453,SG_16_144
1:91133336,SG_16_145
16:39539383,SG_16_146
12:47648840,SG_16_147
12:47643604,SG_16_148
13:2481636,SG_16_149
8:55222210,SG_16_150
16:39968905,SG_16_151
9:13212653,SG_16_152
9:13201499,SG_16_153
16:37699437,SG_16_154
16:37746858,SG_16_155
16:37778498,SG_16_156
8:48898936,SG_16_157
8:48840017,SG_16_158
8:49143118,SG_16_159
4:34653006,SG_16_160
4:34584161,SG_16_161
4:34701832,SG_16_162
4:34698639,SG_16_163
8:56819843,SG_16_164
4:4586140,SG_16_165
1:92139475,SG_16_166
13:3334763,SG_16_167
8:61767288,SG_16_168
16:43121397,SG_16_169
9:21744459,SG_16_170
8:60465657,SG_16_171
8:60922295,SG_16_172
11:55281500,SG_16_173
4:10159981,SG_16_174
8:60835900,SG_16_175
4:10046649,SG_16_176
11:55278370,SG_16_177
1:51378592,SG_16_178
1:51383440,SG_16_179
16:36975943,SG_16_180
1:33540202,SG_16_181
16:45067371,SG_16_182
16:45082751,SG_16_183
7:19537935,SG_16_184
8:62760343,SG_16_185
16:44059822,SG_16_186
16:38188891,SG_16_187
11:35238352,SG_16_188
8:57577592,SG_16_189
16:44606497,SG_16_190
16:44094923,SG_16_191
16:44557634,SG_16_192
11:35276186,SG_16_193
16:44564544,SG_16_194
8:57621400,SG_16_195
1:90870692,SG_16_196
16:44141503,SG_16_197
11:35268471,SG_16_198
16:44123791,SG_16_199
8:62790679,SG_16_200
8:62699286,SG_16_201
16:38124250,SG_16_202
16:38112952,SG_16_203
16:45206760,SG_16_204